gene_identifier,gene_symbol,name,mapped_ncbi_identifier,n_cells
ENSMUSG00000024798,Htr7,5-hydroxytryptamine (serotonin) receptor 7,NCBIGene:15566,649
ENSMUSG00000042385,Gzmk,granzyme K,NCBIGene:14945,36
ENSMUSG00000036198,Arhgap36,Rho GTPase activating protein 36,NCBIGene:75404,62
ENSMUSG00000028780,Sema3c,"sema domain, immunoglobulin domain (Ig), short basic domain, secreted, (semaphorin) 3C",NCBIGene:20348,1430
ENSMUSG00000015843,Rxrg,retinoid X receptor gamma,NCBIGene:20183,679
ENSMUSG00000026768,Itga8,integrin alpha 8,NCBIGene:241226,230
ENSMUSG00000049928,Glp2r,glucagon-like peptide 2 receptor,NCBIGene:93896,190
ENSMUSG00000041046,Ramp3,receptor (calcitonin) activity modifying protein 3,NCBIGene:56089,303
ENSMUSG00000032373,Car12,carbonic anhydrase 12,NCBIGene:76459,802
ENSMUSG00000004633,Chn2,chimerin 2,NCBIGene:69993,1538
ENSMUSG00000022468,Endou,"endonuclease, polyU-specific",NCBIGene:19011,193
ENSMUSG00000026514,Cnih3,cornichon family AMPA receptor auxiliary protein 3,NCBIGene:72978,1423
ENSMUSG00000037681,Esyt3,extended synaptotagmin-like protein 3,NCBIGene:272636,221
ENSMUSG00000051910,Sox6,SRY (sex determining region Y)-box 6,NCBIGene:20679,545
ENSMUSG00000005672,Kit,KIT proto-oncogene receptor tyrosine kinase,NCBIGene:16590,869
ENSMUSG00000032649,Colgalt2,collagen beta(1-O)galactosyltransferase 2,NCBIGene:269132,341
ENSMUSG00000050315,Synpo2,synaptopodin 2,NCBIGene:118449,391
ENSMUSG00000027568,Ntsr1,neurotensin receptor 1,NCBIGene:18216,216
ENSMUSG00000046719,Nxph3,neurexophilin 3,NCBIGene:104079,210
ENSMUSG00000031130,Brs3,bombesin-like receptor 3,NCBIGene:12209,83
ENSMUSG00000020182,Ddc,dopa decarboxylase,NCBIGene:13195,570
ENSMUSG00000046546,Fam43a,"family with sequence similarity 43, member A",NCBIGene:224093,1124
ENSMUSG00000050783,Htr1f,5-hydroxytryptamine (serotonin) receptor 1F,NCBIGene:15557,1227
ENSMUSG00000000792,Slc5a5,"solute carrier family 5 (sodium iodide symporter), member 5",NCBIGene:114479,216
ENSMUSG00000079330,Lemd1,LEM domain containing 1,NCBIGene:213409,223
ENSMUSG00000035910,Dcdc2a,doublecortin domain containing 2a,NCBIGene:195208,378
ENSMUSG00000023232,Serinc2,serine incorporator 2,NCBIGene:230779,148
ENSMUSG00000026639,Lamb3,"laminin, beta 3",NCBIGene:16780,82
ENSMUSG00000027859,Ngf,nerve growth factor,NCBIGene:18049,160
ENSMUSG00000005892,Trh,thyrotropin releasing hormone,NCBIGene:22044,780
ENSMUSG00000021919,Chat,choline acetyltransferase,NCBIGene:12647,50
ENSMUSG00000044317,Gpr4,G protein-coupled receptor 4,NCBIGene:319197,400
ENSMUSG00000021032,Ngb,neuroglobin,NCBIGene:64242,248
ENSMUSG00000049436,Upk1b,uroplakin 1B,NCBIGene:22268,157
ENSMUSG00000040016,Ptger3,prostaglandin E receptor 3 (subtype EP3),NCBIGene:19218,200
ENSMUSG00000029123,Stk32b,serine/threonine kinase 32B,NCBIGene:64293,141
ENSMUSG00000036357,Gpr101,G protein-coupled receptor 101,NCBIGene:245424,90
ENSMUSG00000026668,Ucma,upper zone of growth plate and cartilage matrix associated,NCBIGene:68527,81
ENSMUSG00000071984,Fndc1,fibronectin type III domain containing 1,NCBIGene:68655,579
ENSMUSG00000053747,Sox14,SRY (sex determining region Y)-box 14,NCBIGene:20669,138
ENSMUSG00000033740,St18,suppression of tumorigenicity 18,NCBIGene:240690,329
ENSMUSG00000050377,Il31ra,interleukin 31 receptor A,NCBIGene:218624,122
ENSMUSG00000091002,Tcerg1l,transcription elongation regulator 1-like,NCBIGene:70571,1241
ENSMUSG00000043144,Aqp6,aquaporin 6,NCBIGene:11831,109
ENSMUSG00000002688,Prkd1,protein kinase D1,NCBIGene:18760,734
ENSMUSG00000029101,Rgs12,regulator of G-protein signaling 12,NCBIGene:71729,1650
ENSMUSG00000051354,Samd3,sterile alpha motif domain containing 3,NCBIGene:268288,63
ENSMUSG00000004415,Col26a1,"collagen, type XXVI, alpha 1",NCBIGene:140709,207
ENSMUSG00000020000,Moxd1,"monooxygenase, DBH-like 1",NCBIGene:59012,295
ENSMUSG00000045092,S1pr1,sphingosine-1-phosphate receptor 1,NCBIGene:13609,1435
ENSMUSG00000046982,Tshz1,teashirt zinc finger family member 1,NCBIGene:110796,2449
ENSMUSG00000001985,Grik3,"glutamate receptor, ionotropic, kainate 3",NCBIGene:14807,1773
ENSMUSG00000000766,Oprm1,"opioid receptor, mu 1",NCBIGene:18390,629
ENSMUSG00000097516,4930467D21Rik,RIKEN cDNA 4930467D21 gene,,85
ENSMUSG00000031552,Adam18,a disintegrin and metallopeptidase domain 18,NCBIGene:13524,71
ENSMUSG00000031738,Irx6,Iroquois homeobox 6,NCBIGene:64379,168
ENSMUSG00000027253,Lrp4,low density lipoprotein receptor-related protein 4,NCBIGene:228357,1207
ENSMUSG00000042064,Myo3b,myosin IIIB,NCBIGene:329421,215
ENSMUSG00000000889,Dbh,dopamine beta hydroxylase,NCBIGene:13166,144
ENSMUSG00000045518,Onecut3,"one cut domain, family member 3",NCBIGene:246086,132
ENSMUSG00000020651,Slc26a4,"solute carrier family 26, member 4",NCBIGene:23985,90
ENSMUSG00000016494,Cd34,CD34 antigen,NCBIGene:12490,810
ENSMUSG00000028927,Padi2,"peptidyl arginine deiminase, type II",NCBIGene:18600,922
ENSMUSG00000085562,2610028E06Rik,RIKEN cDNA 2610028E06 gene,NCBIGene:72395,68
ENSMUSG00000031283,Chrdl1,chordin-like 1,NCBIGene:83453,399
ENSMUSG00000115432,D130009I18Rik,RIKEN cDNA D130009I18 gene,NCBIGene:320249,121
ENSMUSG00000024211,Grm8,"glutamate receptor, metabotropic 8",NCBIGene:14823,1346
ENSMUSG00000071317,Bves,blood vessel epicardial substance,NCBIGene:23828,144
ENSMUSG00000031688,Pou4f2,"POU domain, class 4, transcription factor 2",NCBIGene:18997,90
ENSMUSG00000041741,Pde3a,"phosphodiesterase 3A, cGMP inhibited",NCBIGene:54611,767
ENSMUSG00000033006,Sox10,SRY (sex determining region Y)-box 10,NCBIGene:20665,866
ENSMUSG00000058624,Gda,guanine deaminase,NCBIGene:14544,2222
ENSMUSG00000019768,Esr1,estrogen receptor 1 (alpha),NCBIGene:13982,118
ENSMUSG00000028876,Epha10,Eph receptor A10,NCBIGene:230735,2020
ENSMUSG00000029026,Trp73,transformation related protein 73,NCBIGene:22062,88
ENSMUSG00000020891,Alox8,arachidonate 8-lipoxygenase,NCBIGene:11688,133
ENSMUSG00000042115,Klhdc8a,kelch domain containing 8A,NCBIGene:213417,223
ENSMUSG00000043441,Gpr149,G protein-coupled receptor 149,NCBIGene:229357,100
ENSMUSG00000019803,Nr2e1,"nuclear receptor subfamily 2, group E, member 1",NCBIGene:21907,354
ENSMUSG00000073154,9330158H04Rik,RIKEN cDNA 9330158H04 gene,NCBIGene:319472,231
ENSMUSG00000025776,Crispld1,cysteine-rich secretory protein LCCL domain containing 1,NCBIGene:83691,291
ENSMUSG00000022041,Chrna2,"cholinergic receptor, nicotinic, alpha polypeptide 2 (neuronal)",NCBIGene:110902,100
ENSMUSG00000005973,Rcn1,reticulocalbin 1,NCBIGene:19672,676
ENSMUSG00000091712,Sec14l5,SEC14-like lipid binding 5,NCBIGene:665119,462
ENSMUSG00000021998,Lcp1,lymphocyte cytosolic protein 1,NCBIGene:18826,379
ENSMUSG00000031616,Ednra,endothelin receptor type A,NCBIGene:13617,550
ENSMUSG00000086236,5830418P13Rik,RIKEN cDNA 5830418P13 gene,NCBIGene:100529079,102
ENSMUSG00000058260,Serpina9,"serine (or cysteine) peptidase inhibitor, clade A (alpha-1 antiproteinase, antitrypsin), member 9",NCBIGene:71907,89
ENSMUSG00000009734,Pou6f2,"POU domain, class 6, transcription factor 2",NCBIGene:218030,53
ENSMUSG00000017493,Igfbp4,insulin-like growth factor binding protein 4,NCBIGene:16010,895
ENSMUSG00000041771,Slc24a4,"solute carrier family 24 (sodium/potassium/calcium exchanger), member 4",NCBIGene:238384,367
ENSMUSG00000026468,Lhx4,LIM homeobox protein 4,NCBIGene:16872,55
ENSMUSG00000074852,Hpse2,heparanase 2,NCBIGene:545291,85
ENSMUSG00000015812,Gnrh1,gonadotropin releasing hormone 1,NCBIGene:14714,84
ENSMUSG00000050447,Lypd6,LY6/PLAUR domain containing 6,NCBIGene:320343,375
ENSMUSG00000053007,Creb5,cAMP responsive element binding protein 5,NCBIGene:231991,378
ENSMUSG00000060735,Rxfp3,relaxin family peptide receptor 3,NCBIGene:239336,312
ENSMUSG00000046314,Stxbp6,syntaxin binding protein 6 (amisyn),NCBIGene:217517,2000
ENSMUSG00000032281,Acsbg1,acyl-CoA synthetase bubblegum family member 1,NCBIGene:94180,1992
ENSMUSG00000035277,Arx,aristaless related homeobox,NCBIGene:11878,1591
ENSMUSG00000055116,Arntl,aryl hydrocarbon receptor nuclear translocator-like,NCBIGene:11865,1205
ENSMUSG00000049420,Tmem200a,transmembrane protein 200A,NCBIGene:77220,557
ENSMUSG00000061718,Ppp1r1b,"protein phosphatase 1, regulatory inhibitor subunit 1B",NCBIGene:19049,563
ENSMUSG00000050473,Slc35d3,"solute carrier family 35, member D3",NCBIGene:76157,629
ENSMUSG00000019846,Lama4,"laminin, alpha 4",NCBIGene:16775,585
ENSMUSG00000048138,Dmrt2,doublesex and mab-3 related transcription factor 2,NCBIGene:226049,126
ENSMUSG00000027559,Car3,carbonic anhydrase 3,NCBIGene:12350,108
ENSMUSG00000028214,Gem,GTP binding protein (gene overexpressed in skeletal muscle),NCBIGene:14579,304
ENSMUSG00000000567,Sox9,SRY (sex determining region Y)-box 9,NCBIGene:20682,900
ENSMUSG00000085139,A730046J19Rik,RIKEN cDNA A730046J19 gene,NCBIGene:319764,73
ENSMUSG00000069132,Nxph2,neurexophilin 2,NCBIGene:18232,96
ENSMUSG00000010476,Ebf3,early B cell factor 3,NCBIGene:13593,175
ENSMUSG00000005583,Mef2c,myocyte enhancer factor 2C,NCBIGene:17260,2173
ENSMUSG00000037653,Kctd8,potassium channel tetramerisation domain containing 8,NCBIGene:243043,675
ENSMUSG00000020052,Ascl1,achaete-scute family bHLH transcription factor 1,NCBIGene:17172,181
ENSMUSG00000029381,Shroom3,shroom family member 3,NCBIGene:27428,310
ENSMUSG00000053846,Lipg,"lipase, endothelial",NCBIGene:16891,239
ENSMUSG00000074345,Tnfaip8l3,"tumor necrosis factor, alpha-induced protein 8-like 3",NCBIGene:244882,58
ENSMUSG00000049112,Oxtr,oxytocin receptor,NCBIGene:18430,418
ENSMUSG00000046500,Tafa4,TAFA chemokine like family member 4,NCBIGene:320701,114
ENSMUSG00000028602,Tnfrsf8,"tumor necrosis factor receptor superfamily, member 8",NCBIGene:21941,80
ENSMUSG00000050600,Zfp831,zinc finger protein 831,NCBIGene:100043757,921
ENSMUSG00000018819,Lsp1,lymphocyte specific 1,NCBIGene:16985,211
ENSMUSG00000019139,Isyna1,myo-inositol 1-phosphate synthase A1,NCBIGene:71780,1184
ENSMUSG00000030235,Slco1c1,"solute carrier organic anion transporter family, member 1c1",NCBIGene:58807,851
ENSMUSG00000090125,Pou3f1,"POU domain, class 3, transcription factor 1",NCBIGene:18991,387
ENSMUSG00000026676,Ccdc3,coiled-coil domain containing 3,NCBIGene:74186,182
ENSMUSG00000034009,Rxfp1,relaxin/insulin-like family peptide receptor 1,NCBIGene:381489,172
ENSMUSG00000015134,Aldh1a3,"aldehyde dehydrogenase family 1, subfamily A3",NCBIGene:56847,253
ENSMUSG00000026826,Nr4a2,"nuclear receptor subfamily 4, group A, member 2",NCBIGene:18227,697
ENSMUSG00000023067,Cdkn1a,cyclin-dependent kinase inhibitor 1A (P21),NCBIGene:12575,1394
ENSMUSG00000052430,Bmpr1b,"bone morphogenetic protein receptor, type 1B",NCBIGene:12167,610
ENSMUSG00000019647,Sema6a,"sema domain, transmembrane domain (TM), and cytoplasmic domain, (semaphorin) 6A",NCBIGene:20358,2050
ENSMUSG00000035451,Foxa1,forkhead box A1,NCBIGene:15375,43
ENSMUSG00000025068,Gsto1,glutathione S-transferase omega 1,NCBIGene:14873,871
ENSMUSG00000061086,Myl4,"myosin, light polypeptide 4",NCBIGene:17896,173
ENSMUSG00000035357,Pdzrn3,PDZ domain containing RING finger 3,NCBIGene:55983,540
ENSMUSG00000026042,Col5a2,"collagen, type V, alpha 2",NCBIGene:12832,359
ENSMUSG00000070366,Plpp4,phospholipid phosphatase 4,NCBIGene:381925,749
ENSMUSG00000022021,Diaph3,diaphanous related formin 3,NCBIGene:56419,107
ENSMUSG00000044071,Tafa2,TAFA chemokine like family member 2,NCBIGene:268354,756
ENSMUSG00000078591,Hs3st4,heparan sulfate (glucosamine) 3-O-sulfotransferase 4,NCBIGene:628779,1007
ENSMUSG00000039405,Prss23,"protease, serine 23",NCBIGene:76453,918
ENSMUSG00000050953,Gja1,"gap junction protein, alpha 1",NCBIGene:14609,1632
ENSMUSG00000035493,Tgfbi,"transforming growth factor, beta induced",NCBIGene:21810,229
ENSMUSG00000027849,Syt6,synaptotagmin VI,NCBIGene:54524,1948
ENSMUSG00000049314,Fbxw13,F-box and WD-40 domain protein 13,NCBIGene:211305,74
ENSMUSG00000053399,Adamts18,"a disintegrin-like and metallopeptidase (reprolysin type) with thrombospondin type 1 motif, 18",NCBIGene:208936,234
ENSMUSG00000045509,Gpr150,G protein-coupled receptor 150,NCBIGene:238725,99
ENSMUSG00000031112,Stk26,serine/threonine kinase 26,NCBIGene:70415,264
ENSMUSG00000035551,Igfbpl1,insulin-like growth factor binding protein-like 1,NCBIGene:75426,687
ENSMUSG00000043673,Kcns3,"potassium voltage-gated channel, delayed-rectifier, subfamily S, member 3",NCBIGene:238076,76
ENSMUSG00000102692,Dchs2,dachsous cadherin related 2,NCBIGene:100534287,321
ENSMUSG00000036422,Pcdh8,protocadherin 8,NCBIGene:18530,1237
ENSMUSG00000025932,Eya1,EYA transcriptional coactivator and phosphatase 1,NCBIGene:14048,683
ENSMUSG00000042501,Cpa6,carboxypeptidase A6,NCBIGene:329093,1232
ENSMUSG00000027737,Slc7a11,"solute carrier family 7 (cationic amino acid transporter, y+ system), member 11",NCBIGene:26570,619
ENSMUSG00000026249,Serpine2,"serine (or cysteine) peptidase inhibitor, clade E, member 2",NCBIGene:20720,2276
ENSMUSG00000035506,Slc12a8,"solute carrier family 12 (potassium/chloride transporters), member 8",NCBIGene:171286,537
ENSMUSG00000056427,Slit3,slit guidance ligand 3,NCBIGene:20564,733
ENSMUSG00000040125,Gpr26,G protein-coupled receptor 26,NCBIGene:233919,702
ENSMUSG00000066197,Gpr139,G protein-coupled receptor 139,NCBIGene:209776,415
ENSMUSG00000021478,Drd1,dopamine receptor D1,NCBIGene:13488,209
ENSMUSG00000030905,Crym,"crystallin, mu",NCBIGene:12971,136
ENSMUSG00000037625,Cldn11,claudin 11,NCBIGene:18417,465
ENSMUSG00000040856,Dlk1,delta like non-canonical Notch ligand 1,NCBIGene:13386,77
ENSMUSG00000063439,B9d2,B9 protein domain 2,NCBIGene:232987,946
ENSMUSG00000041710,Trpc5,"transient receptor potential cation channel, subfamily C, member 5",NCBIGene:22067,438
ENSMUSG00000027188,Pamr1,peptidase domain containing associated with muscle regeneration 1,NCBIGene:210622,181
ENSMUSG00000043659,Npsr1,neuropeptide S receptor 1,NCBIGene:319239,92
ENSMUSG00000021221,Dpf3,"D4, zinc and double PHD fingers, family 3",NCBIGene:70127,1187
ENSMUSG00000044393,Dsg2,desmoglein 2,NCBIGene:13511,104
ENSMUSG00000004151,Etv1,ets variant 1,NCBIGene:14009,1871
ENSMUSG00000024521,Pmaip1,phorbol-12-myristate-13-acetate-induced protein 1,NCBIGene:58801,76
ENSMUSG00000001870,Ltbp1,latent transforming growth factor beta binding protein 1,NCBIGene:268977,512
ENSMUSG00000041828,Abca8a,"ATP-binding cassette, sub-family A (ABC1), member 8a",NCBIGene:217258,547
ENSMUSG00000032446,Eomes,eomesodermin,NCBIGene:13813,808
ENSMUSG00000031654,Cbln1,cerebellin 1 precursor protein,NCBIGene:12404,517
ENSMUSG00000031075,Ano1,"anoctamin 1, calcium activated chloride channel",NCBIGene:101772,493
ENSMUSG00000045246,Kcng4,"potassium voltage-gated channel, subfamily G, member 4",NCBIGene:66733,229
ENSMUSG00000028364,Tnc,tenascin C,NCBIGene:21923,321
ENSMUSG00000003657,Calb2,calbindin 2,NCBIGene:12308,1860
ENSMUSG00000059203,Il1rapl2,interleukin 1 receptor accessory protein-like 2,NCBIGene:60367,597
ENSMUSG00000029304,Spp1,secreted phosphoprotein 1,NCBIGene:20750,386
ENSMUSG00000040998,Npnt,nephronectin,NCBIGene:114249,320
ENSMUSG00000030093,Wnt7a,"wingless-type MMTV integration site family, member 7A",NCBIGene:22421,970
ENSMUSG00000039081,Zfp503,zinc finger protein 503,NCBIGene:218820,205
ENSMUSG00000021099,Six6,sine oculis-related homeobox 6,NCBIGene:20476,73
ENSMUSG00000069793,Slfn9,schlafen 9,NCBIGene:237886,153
ENSMUSG00000032087,Dscaml1,DS cell adhesion molecule like 1,NCBIGene:114873,1803
ENSMUSG00000061013,Mkx,mohawk homeobox,NCBIGene:210719,717
ENSMUSG00000039809,Gabbr2,"gamma-aminobutyric acid (GABA) B receptor, 2",NCBIGene:242425,1369
ENSMUSG00000074802,Gas2l3,growth arrest-specific 2 like 3,NCBIGene:237436,86
ENSMUSG00000046561,Arsj,arylsulfatase J,NCBIGene:271970,143
ENSMUSG00000026479,Lamc2,"laminin, gamma 2",NCBIGene:16782,75
ENSMUSG00000019848,Popdc3,popeye domain containing 3,NCBIGene:78977,49
ENSMUSG00000024084,Qpct,glutaminyl-peptide cyclotransferase (glutaminyl cyclase),NCBIGene:70536,1074
ENSMUSG00000005917,Otx1,orthodenticle homeobox 1,NCBIGene:18423,304
ENSMUSG00000048402,Gli2,GLI-Kruppel family member GLI2,NCBIGene:14633,289
ENSMUSG00000004872,Pax3,paired box 3,NCBIGene:18505,55
ENSMUSG00000058665,En1,engrailed 1,NCBIGene:13798,21
ENSMUSG00000020428,Gabra6,"gamma-aminobutyric acid (GABA) A receptor, subunit alpha 6",NCBIGene:14399,66
ENSMUSG00000087095,Emx2os,Emx2 opposite strand/antisense transcript (non-protein coding),NCBIGene:329078,293
ENSMUSG00000049892,Rasd1,"RAS, dexamethasone-induced 1",NCBIGene:19416,294
ENSMUSG00000025268,Maged2,"melanoma antigen, family D, 2",NCBIGene:80884,1317
ENSMUSG00000026414,Tnnt2,"troponin T2, cardiac",NCBIGene:21956,252
ENSMUSG00000104586,4921539H07Rik,RIKEN cDNA 4921539H07 gene,,105
ENSMUSG00000050100,Hmx2,H6 homeobox 2,NCBIGene:15372,67
ENSMUSG00000023064,Sncg,"synuclein, gamma",NCBIGene:20618,166
ENSMUSG00000039115,Itga9,integrin alpha 9,NCBIGene:104099,326
ENSMUSG00000003418,St8sia6,"ST8 alpha-N-acetyl-neuraminide alpha-2,8-sialyltransferase 6",NCBIGene:241230,377
ENSMUSG00000020566,Atp6v1c2,"ATPase, H+ transporting, lysosomal V1 subunit C2",NCBIGene:68775,162
ENSMUSG00000074575,Kcng1,"potassium voltage-gated channel, subfamily G, member 1",NCBIGene:241794,136
ENSMUSG00000013611,Snx31,sorting nexin 31,NCBIGene:66696,105
ENSMUSG00000042793,Lgr6,leucine-rich repeat-containing G protein-coupled receptor 6,NCBIGene:329252,1743
ENSMUSG00000084757,1700057H15Rik,RIKEN cDNA 1700057H15 gene,,46
ENSMUSG00000034098,Fstl5,follistatin-like 5,NCBIGene:213262,1090
ENSMUSG00000039116,Adgrg6,adhesion G protein-coupled receptor G6,NCBIGene:215798,187
ENSMUSG00000037664,Cdkn1c,cyclin-dependent kinase inhibitor 1C (P57),NCBIGene:12577,453
ENSMUSG00000032265,Tent5a,terminal nucleotidyltransferase 5A,NCBIGene:212943,450
ENSMUSG00000031119,Gpc4,glypican 4,NCBIGene:14735,575
ENSMUSG00000070469,Adamtsl3,ADAMTS-like 3,NCBIGene:269959,114
ENSMUSG00000030898,Cckbr,cholecystokinin B receptor,NCBIGene:12426,1450
ENSMUSG00000044681,Cnpy1,canopy FGF signaling regulator 1,NCBIGene:269637,62
ENSMUSG00000041120,Nbl1,"NBL1, DAN family BMP antagonist",NCBIGene:17965,893
ENSMUSG00000048988,Elfn1,"leucine rich repeat and fibronectin type III, extracellular 1",NCBIGene:243312,1628
ENSMUSG00000036466,Megf11,multiple EGF-like-domains 11,NCBIGene:214058,248
ENSMUSG00000053441,Adamts19,"a disintegrin-like and metallopeptidase (reprolysin type) with thrombospondin type 1 motif, 19",NCBIGene:240322,1064
ENSMUSG00000030249,Abcc9,"ATP-binding cassette, sub-family C (CFTR/MRP), member 9",NCBIGene:20928,251
ENSMUSG00000032348,Gsta4,"glutathione S-transferase, alpha 4",NCBIGene:14860,969
ENSMUSG00000025592,Dach2,dachshund family transcription factor 2,NCBIGene:93837,83
ENSMUSG00000091898,Tnnc1,"troponin C, cardiac/slow skeletal",NCBIGene:21924,120
ENSMUSG00000054160,Nkx2-4,NK2 homeobox 4,NCBIGene:228731,122
ENSMUSG00000026765,Lypd6b,LY6/PLAUR domain containing 6B,NCBIGene:71897,87
ENSMUSG00000041565,L3mbtl4,L3MBTL4 histone methyl-lysine binding protein,NCBIGene:320858,160
ENSMUSG00000048424,Ranbp3l,RAN binding protein 3-like,NCBIGene:223332,358
ENSMUSG00000021685,Otp,orthopedia homeobox,NCBIGene:18420,80
ENSMUSG00000028341,Nr4a3,"nuclear receptor subfamily 4, group A, member 3",NCBIGene:18124,408
ENSMUSG00000022514,Il1rap,interleukin 1 receptor accessory protein,NCBIGene:16180,610
ENSMUSG00000001815,Evx2,even-skipped homeobox 2,NCBIGene:14029,71
ENSMUSG00000052133,Sema5b,"sema domain, seven thrombospondin repeats (type 1 and type 1-like), transmembrane domain (TM) and short cytoplasmic domain, (semaphorin) 5B",NCBIGene:20357,785
ENSMUSG00000041730,Prrxl1,paired related homeobox protein-like 1,NCBIGene:107751,48
ENSMUSG00000042453,Reln,reelin,NCBIGene:19699,894
ENSMUSG00000039087,Rreb1,ras responsive element binding protein 1,NCBIGene:68750,1814
ENSMUSG00000020733,Slc9a3r1,"solute carrier family 9 (sodium/hydrogen exchanger), member 3 regulator 1",NCBIGene:26941,1468
ENSMUSG00000063600,Egfem1,EGF-like and EMI domain containing 1,NCBIGene:75740,383
ENSMUSG00000016386,Mpped2,metallophosphoesterase domain containing 2,NCBIGene:77015,1662
ENSMUSG00000024076,Vit,vitrin,NCBIGene:74199,160
ENSMUSG00000018698,Lhx1,LIM homeobox protein 1,NCBIGene:16869,99
ENSMUSG00000022505,Emp2,epithelial membrane protein 2,NCBIGene:13731,705
ENSMUSG00000028464,Tpm2,"tropomyosin 2, beta",NCBIGene:22004,264
ENSMUSG00000037868,Egr2,early growth response 2,NCBIGene:13654,203
ENSMUSG00000091705,H2-Q2,"histocompatibility 2, Q region locus 2",NCBIGene:15013,53
ENSMUSG00000024697,Gna14,"guanine nucleotide binding protein, alpha 14",NCBIGene:14675,126
ENSMUSG00000049641,Vgll2,vestigial like family member 2,NCBIGene:215031,105
ENSMUSG00000004085,Map3k20,mitogen-activated protein kinase kinase kinase 20,NCBIGene:65964,1116
ENSMUSG00000000263,Glra1,"glycine receptor, alpha 1 subunit",NCBIGene:14654,263
ENSMUSG00000026834,Acvr1c,"activin A receptor, type IC",NCBIGene:269275,973
ENSMUSG00000053025,Sv2b,synaptic vesicle glycoprotein 2 b,NCBIGene:64176,685
ENSMUSG00000030605,Mfge8,milk fat globule-EGF factor 8 protein,NCBIGene:17304,1364
ENSMUSG00000093472,4930438E09Rik,RIKEN cDNA 4930438E09 gene,NCBIGene:73977,78
ENSMUSG00000023886,Smoc2,SPARC related modular calcium binding 2,NCBIGene:64074,214
ENSMUSG00000078952,Lncenc1,"long non-coding RNA, embryonic stem cells expressed 1",NCBIGene:100039691,83
ENSMUSG00000034486,Gbx2,gastrulation brain homeobox 2,NCBIGene:14472,60
ENSMUSG00000033717,Adra2a,"adrenergic receptor, alpha 2a",NCBIGene:11551,579
ENSMUSG00000019935,Slc17a8,"solute carrier family 17 (sodium-dependent inorganic phosphate cotransporter), member 8",NCBIGene:216227,45
ENSMUSG00000041301,Cftr,cystic fibrosis transmembrane conductance regulator,NCBIGene:12638,102
ENSMUSG00000076617,Ighm,immunoglobulin heavy constant mu,NCBIGene:16019,1887
ENSMUSG00000026841,Fibcd1,fibrinogen C domain containing 1,NCBIGene:98970,346
ENSMUSG00000036523,Greb1,gene regulated by estrogen in breast cancer protein,NCBIGene:268527,438
ENSMUSG00000025094,Slc18a2,"solute carrier family 18 (vesicular monoamine), member 2",NCBIGene:214084,280
ENSMUSG00000028753,Vwa5b1,von Willebrand factor A domain containing 5B1,NCBIGene:75718,163
ENSMUSG00000041731,Pgm5,phosphoglucomutase 5,NCBIGene:226041,315
ENSMUSG00000075296,Aldh3b2,"aldehyde dehydrogenase 3 family, member B2",NCBIGene:621603,63
ENSMUSG00000008575,Nfib,nuclear factor I/B,NCBIGene:18028,1742
ENSMUSG00000056306,Sertm1,serine rich and transmembrane domain containing 1,NCBIGene:329641,243
ENSMUSG00000024526,Cidea,"cell death-inducing DNA fragmentation factor, alpha subunit-like effector A",NCBIGene:12683,155
ENSMUSG00000022148,Fyb,FYN binding protein,NCBIGene:23880,354
ENSMUSG00000005268,Prlr,prolactin receptor,NCBIGene:19116,65
ENSMUSG00000036036,Zfp57,zinc finger protein 57,NCBIGene:22715,561
ENSMUSG00000035021,Baz1a,bromodomain adjacent to zinc finger domain 1A,NCBIGene:217578,401
ENSMUSG00000024014,Pim1,proviral integration site 1,NCBIGene:18712,509
ENSMUSG00000035637,Grhpr,glyoxylate reductase/hydroxypyruvate reductase,NCBIGene:76238,715
ENSMUSG00000102362,4930509J09Rik,RIKEN cDNA 4930509J09 gene,NCBIGene:74693,68
ENSMUSG00000074607,Tox2,TOX high mobility group box family member 2,NCBIGene:269389,1182
ENSMUSG00000037593,Rskr,ribosomal protein S6 kinase related,,394
ENSMUSG00000090063,Dlx6os1,"distal-less homeobox 6, opposite strand 1",,2240
ENSMUSG00000044167,Foxo1,forkhead box O1,NCBIGene:56458,1265
ENSMUSG00000033491,Prss35,"protease, serine 35",NCBIGene:244954,237
ENSMUSG00000074622,Mafb,"v-maf musculoaponeurotic fibrosarcoma oncogene family, protein B (avian)",NCBIGene:16658,767
ENSMUSG00000068196,Col8a1,"collagen, type VIII, alpha 1",NCBIGene:12837,236
ENSMUSG00000048327,Ckap2l,cytoskeleton associated protein 2-like,NCBIGene:70466,84
ENSMUSG00000029086,Prom1,prominin 1,NCBIGene:19126,431
ENSMUSG00000020396,Nefh,"neurofilament, heavy polypeptide",NCBIGene:380684,1072
ENSMUSG00000062077,Trim54,tripartite motif-containing 54,NCBIGene:58522,49
ENSMUSG00000027577,Chrna4,"cholinergic receptor, nicotinic, alpha polypeptide 4",NCBIGene:11438,232
ENSMUSG00000053129,Gsx1,GS homeobox 1,NCBIGene:14842,92
ENSMUSG00000035528,Npffr2,neuropeptide FF receptor 2,NCBIGene:104443,879
ENSMUSG00000084890,A830036E02Rik,RIKEN cDNA A830036E02 gene,NCBIGene:353123,1346
ENSMUSG00000034361,Cpne2,copine II,NCBIGene:234577,1270
ENSMUSG00000070687,Htr1d,5-hydroxytryptamine (serotonin) receptor 1D,NCBIGene:15552,224
ENSMUSG00000005148,Klf5,Kruppel-like factor 5,NCBIGene:12224,266
ENSMUSG00000026322,Htr4,5 hydroxytryptamine (serotonin) receptor 4,NCBIGene:15562,63
ENSMUSG00000048349,Pou4f1,"POU domain, class 4, transcription factor 1",NCBIGene:18996,122
ENSMUSG00000026475,Rgs16,regulator of G-protein signaling 16,NCBIGene:19734,623
ENSMUSG00000021091,Serpina3n,"serine (or cysteine) peptidase inhibitor, clade A, member 3N",NCBIGene:20716,294
ENSMUSG00000033581,Igf2bp2,insulin-like growth factor 2 mRNA binding protein 2,NCBIGene:319765,254
ENSMUSG00000033007,Asic4,acid-sensing (proton-gated) ion channel family member 4,NCBIGene:241118,933
ENSMUSG00000056494,Cngb3,cyclic nucleotide gated channel beta 3,NCBIGene:30952,155
ENSMUSG00000031932,Gpr83,G protein-coupled receptor 83,NCBIGene:14608,655
ENSMUSG00000036760,Kcnk9,"potassium channel, subfamily K, member 9",NCBIGene:223604,1416
ENSMUSG00000032017,Grik4,"glutamate receptor, ionotropic, kainate 4",NCBIGene:110637,609
ENSMUSG00000034185,6430628N08Rik,RIKEN cDNA 6430628N08 gene,NCBIGene:76237,94
ENSMUSG00000059187,Tafa1,TAFA chemokine like family member 1,NCBIGene:320265,121
ENSMUSG00000067578,Cbln4,cerebellin 4 precursor protein,NCBIGene:228942,371
ENSMUSG00000039037,St6galnac5,"ST6 (alpha-N-acetyl-neuraminyl-2,3-beta-galactosyl-1,3)-N-acetylgalactosaminide alpha-2,6-sialyltransferase 5",NCBIGene:26938,1086
ENSMUSG00000018470,Kcnab3,"potassium voltage-gated channel, shaker-related subfamily, beta member 3",NCBIGene:16499,1879
ENSMUSG00000030588,Yif1b,Yip1 interacting factor homolog B (S. cerevisiae),NCBIGene:77254,1228
ENSMUSG00000048038,Ccdc187,coiled-coil domain containing 187,NCBIGene:329366,208
ENSMUSG00000022860,Chodl,chondrolectin,NCBIGene:246048,51
ENSMUSG00000041703,Zic5,zinc finger protein of the cerebellum 5,NCBIGene:65100,392
ENSMUSG00000048387,Osr1,odd-skipped related transcription factor 1,NCBIGene:23967,159
ENSMUSG00000028031,Dkk2,dickkopf WNT signaling pathway inhibitor 2,NCBIGene:56811,152
ENSMUSG00000026837,Col5a1,"collagen, type V, alpha 1",NCBIGene:12831,640
ENSMUSG00000025927,Tfap2b,transcription factor AP-2 beta,NCBIGene:21419,130
ENSMUSG00000032537,Ephb1,Eph receptor B1,NCBIGene:270190,557
ENSMUSG00000019828,Grm1,"glutamate receptor, metabotropic 1",NCBIGene:14816,1303
ENSMUSG00000043639,Rbm20,RNA binding motif protein 20,NCBIGene:73713,1052
ENSMUSG00000020140,Lgr5,leucine rich repeat containing G protein coupled receptor 5,NCBIGene:14160,1517
ENSMUSG00000057058,Skap1,src family associated phosphoprotein 1,NCBIGene:78473,62
ENSMUSG00000024683,Mrpl16,mitochondrial ribosomal protein L16,NCBIGene:94063,1171
ENSMUSG00000044447,Dock5,dedicator of cytokinesis 5,NCBIGene:68813,337
ENSMUSG00000031298,Adgrg2,adhesion G protein-coupled receptor G2,NCBIGene:237175,105
ENSMUSG00000054555,Adam12,a disintegrin and metallopeptidase domain 12 (meltrin alpha),NCBIGene:11489,383
ENSMUSG00000097182,A830009L08Rik,RIKEN cDNA A830009L08 gene,NCBIGene:320297,123
ENSMUSG00000064023,Klk8,kallikrein related-peptidase 8,NCBIGene:259277,153
ENSMUSG00000027168,Pax6,paired box 6,NCBIGene:18508,1609
ENSMUSG00000062393,Dgkk,diacylglycerol kinase kappa,NCBIGene:331374,57
ENSMUSG00000034810,Scn7a,"sodium channel, voltage-gated, type VII, alpha",NCBIGene:20272,178
ENSMUSG00000000753,Serpinf1,"serine (or cysteine) peptidase inhibitor, clade F, member 1",NCBIGene:20317,740
ENSMUSG00000063594,Gng8,"guanine nucleotide binding protein (G protein), gamma 8",NCBIGene:14709,108
ENSMUSG00000112117,Rmst,rhabdomyosarcoma 2 associated transcript (non-coding RNA),NCBIGene:110333,357
ENSMUSG00000026395,Ptprc,"protein tyrosine phosphatase, receptor type, C",NCBIGene:19264,243
ENSMUSG00000046167,Gldn,gliomedin,NCBIGene:235379,120
ENSMUSG00000053930,Shisa6,shisa family member 6,NCBIGene:380702,418
ENSMUSG00000074274,D930028M14Rik,RIKEN cDNA D930028M14 gene,NCBIGene:434147,121
ENSMUSG00000028661,Epha8,Eph receptor A8,NCBIGene:13842,133
ENSMUSG00000051111,Sv2c,synaptic vesicle glycoprotein 2c,NCBIGene:75209,1188
ENSMUSG00000038112,AW551984,expressed sequence AW551984,NCBIGene:244810,213
ENSMUSG00000024601,Isoc1,isochorismatase domain containing 1,NCBIGene:66307,1817
ENSMUSG00000022479,Vdr,"vitamin D (1,25-dihydroxyvitamin D3) receptor",NCBIGene:22337,166
ENSMUSG00000024553,Galr1,galanin receptor 1,NCBIGene:14427,100
ENSMUSG00000031613,Hpgd,hydroxyprostaglandin dehydrogenase 15 (NAD),NCBIGene:15446,604
ENSMUSG00000030340,Scnn1a,"sodium channel, nonvoltage-gated 1 alpha",NCBIGene:20276,114
ENSMUSG00000036972,Zic4,zinc finger protein of the cerebellum 4,NCBIGene:22774,539
ENSMUSG00000048540,Nhlh2,nescient helix loop helix 2,NCBIGene:18072,70
ENSMUSG00000024598,Fbn2,fibrillin 2,NCBIGene:14119,773
ENSMUSG00000037025,Foxa2,forkhead box A2,NCBIGene:15376,120
ENSMUSG00000020178,Adora2a,adenosine A2a receptor,NCBIGene:11540,500
ENSMUSG00000020644,Id2,inhibitor of DNA binding 2,NCBIGene:15902,1941
ENSMUSG00000026610,Esrrg,estrogen-related receptor gamma,NCBIGene:26381,825
ENSMUSG00000028736,Pax7,paired box 7,NCBIGene:18509,86
ENSMUSG00000055653,Gpc3,glypican 3,NCBIGene:14734,539
ENSMUSG00000026787,Gad2,glutamic acid decarboxylase 2,NCBIGene:14417,2194
ENSMUSG00000000214,Th,tyrosine hydroxylase,NCBIGene:21823,1595
ENSMUSG00000032776,Mctp2,"multiple C2 domains, transmembrane 2",NCBIGene:244049,295
ENSMUSG00000042489,Clspn,claspin,NCBIGene:269582,84
ENSMUSG00000046027,Stard5,StAR-related lipid transfer (START) domain containing 5,NCBIGene:170460,526
ENSMUSG00000008734,Gprc5b,"G protein-coupled receptor, family C, group 5, member B",NCBIGene:64297,2483
ENSMUSG00000059146,Ntrk3,"neurotrophic tyrosine kinase, receptor, type 3",NCBIGene:18213,2121
ENSMUSG00000055320,Tead1,TEA domain family member 1,NCBIGene:21676,1085
ENSMUSG00000018589,Glra2,"glycine receptor, alpha 2 subunit",NCBIGene:237213,339
ENSMUSG00000032033,Barx2,BarH-like homeobox 2,NCBIGene:12023,265
ENSMUSG00000053626,Tll1,tolloid-like,NCBIGene:21892,972
ENSMUSG00000021186,Fbln5,fibulin 5,NCBIGene:23876,166
ENSMUSG00000036430,Tbcc,tubulin-specific chaperone C,NCBIGene:72726,1051
ENSMUSG00000032417,Rwdd2a,RWD domain containing 2A,NCBIGene:69519,418
ENSMUSG00000021609,Slc6a3,"solute carrier family 6 (neurotransmitter transporter, dopamine), member 3",NCBIGene:13162,287
ENSMUSG00000045875,Adra1a,"adrenergic receptor, alpha 1a",NCBIGene:11549,1316
ENSMUSG00000029659,Medag,mesenteric estrogen dependent adipogenesis,NCBIGene:70717,618
ENSMUSG00000030559,Rab38,"RAB38, member RAS oncogene family",NCBIGene:72433,156
ENSMUSG00000067860,Zic3,zinc finger protein of the cerebellum 3,NCBIGene:22773,686
ENSMUSG00000030792,Dkkl1,dickkopf-like 1,NCBIGene:50722,195
ENSMUSG00000053368,Rxfp2,relaxin/insulin-like family peptide receptor 2,NCBIGene:140498,84
ENSMUSG00000019866,Crybg1,crystallin beta-gamma domain containing 1,NCBIGene:11630,457
ENSMUSG00000038642,Ctss,cathepsin S,NCBIGene:13040,595
ENSMUSG00000045915,Ccdc42,coiled-coil domain containing 42,NCBIGene:276920,45
ENSMUSG00000028184,Adgrl2,adhesion G protein-coupled receptor L2,NCBIGene:99633,784
ENSMUSG00000045648,Vwc2l,von Willebrand factor C domain-containing protein 2-like,NCBIGene:320460,361
ENSMUSG00000037579,Kcnh3,"potassium voltage-gated channel, subfamily H (eag-related), member 3",NCBIGene:16512,1108
ENSMUSG00000032773,Chrm1,"cholinergic receptor, muscarinic 1, CNS",NCBIGene:12669,1058
ENSMUSG00000021948,Prkcd,"protein kinase C, delta",NCBIGene:18753,520
ENSMUSG00000026398,Nr5a2,"nuclear receptor subfamily 5, group A, member 2",NCBIGene:26424,371
ENSMUSG00000033910,Gucy1a1,"guanylate cyclase 1, soluble, alpha 1",NCBIGene:60596,1667
ENSMUSG00000059852,Kcng2,"potassium voltage-gated channel, subfamily G, member 2",NCBIGene:240444,210
ENSMUSG00000059588,Calcrl,calcitonin receptor-like,NCBIGene:54598,360
ENSMUSG00000027684,Mecom,MDS1 and EVI1 complex locus,NCBIGene:14013,484
ENSMUSG00000027719,Adad1,adenosine deaminase domain containing 1 (testis specific),NCBIGene:21744,91
ENSMUSG00000010461,Eya4,EYA transcriptional coactivator and phosphatase 4,NCBIGene:14051,229
ENSMUSG00000028004,Npy2r,neuropeptide Y receptor Y2,NCBIGene:18167,76
ENSMUSG00000002930,Ppp1r17,"protein phosphatase 1, regulatory subunit 17",NCBIGene:19051,261
ENSMUSG00000053519,Kcnip1,Kv channel-interacting protein 1,NCBIGene:70357,1409
ENSMUSG00000005716,Pvalb,parvalbumin,NCBIGene:19293,796
ENSMUSG00000031137,Fgf13,fibroblast growth factor 13,NCBIGene:14168,1279
ENSMUSG00000070407,Hs3st3b1,heparan sulfate (glucosamine) 3-O-sulfotransferase 3B1,NCBIGene:54710,407
ENSMUSG00000022122,Ednrb,endothelin receptor type B,NCBIGene:13618,1069
ENSMUSG00000023403,Stk31,serine threonine kinase 31,NCBIGene:77485,183
ENSMUSG00000055639,Dach1,dachshund family transcription factor 1,NCBIGene:13134,329
ENSMUSG00000005087,Cd44,CD44 antigen,NCBIGene:12505,142
ENSMUSG00000027861,Casq2,calsequestrin 2,NCBIGene:12373,139
ENSMUSG00000056648,Hoxb8,homeobox B8,NCBIGene:15416,42
ENSMUSG00000027210,Meis2,Meis homeobox 2,NCBIGene:17536,2282
ENSMUSG00000019817,Plagl1,pleiomorphic adenoma gene-like 1,NCBIGene:22634,1081
ENSMUSG00000037771,Slc32a1,"solute carrier family 32 (GABA vesicular transporter), member 1",NCBIGene:22348,2210
ENSMUSG00000061517,Sox21,SRY (sex determining region Y)-box 21,NCBIGene:223227,450
ENSMUSG00000036169,Sostdc1,sclerostin domain containing 1,NCBIGene:66042,114
ENSMUSG00000042961,Egflam,"EGF-like, fibronectin type III and laminin G domains",NCBIGene:268780,395
ENSMUSG00000031111,Igsf1,"immunoglobulin superfamily, member 1",NCBIGene:209268,88
ENSMUSG00000025370,Cdh9,cadherin 9,NCBIGene:12565,429
ENSMUSG00000027994,Mcub,mitochondrial calcium uniporter dominant negative beta subunit,NCBIGene:66815,554
ENSMUSG00000070369,Itgad,"integrin, alpha D",NCBIGene:381924,71
ENSMUSG00000020591,Ntsr2,neurotensin receptor 2,NCBIGene:18217,1269
ENSMUSG00000020160,Meis1,Meis homeobox 1,NCBIGene:17268,1438
ENSMUSG00000023964,Calcr,calcitonin receptor,NCBIGene:12311,91
ENSMUSG00000035274,Tpbg,trophoblast glycoprotein,NCBIGene:21983,536
ENSMUSG00000025324,Atp10a,"ATPase, class V, type 10A",NCBIGene:11982,1369
ENSMUSG00000028977,Casz1,castor zinc finger 1,NCBIGene:69743,62
ENSMUSG00000024517,Grp,gastrin releasing peptide,NCBIGene:225642,57
ENSMUSG00000022206,Npr3,natriuretic peptide receptor 3,NCBIGene:18162,205
ENSMUSG00000055333,Fat2,FAT atypical cadherin 2,NCBIGene:245827,131
ENSMUSG00000034898,Filip1,filamin A interacting protein 1,NCBIGene:70598,880
ENSMUSG00000036144,Meox2,mesenchyme homeobox 2,NCBIGene:17286,143
ENSMUSG00000033685,Ucp2,"uncoupling protein 2 (mitochondrial, proton carrier)",NCBIGene:22228,1151
ENSMUSG00000015112,Slc25a13,"solute carrier family 25 (mitochondrial carrier, adenine nucleotide translocator), member 13",NCBIGene:50799,310
ENSMUSG00000031340,Gabre,"gamma-aminobutyric acid (GABA) A receptor, subunit epsilon",NCBIGene:14404,186
ENSMUSG00000001119,Col6a1,"collagen, type VI, alpha 1",NCBIGene:12833,1604
ENSMUSG00000021732,Fgf10,fibroblast growth factor 10,NCBIGene:14165,388
ENSMUSG00000051159,Cited1,Cbp/p300-interacting transactivator with Glu/Asp-rich carboxy-terminal domain 1,NCBIGene:12705,202
ENSMUSG00000013846,St3gal1,"ST3 beta-galactoside alpha-2,3-sialyltransferase 1",NCBIGene:20442,1393
ENSMUSG00000066842,Hmcn1,hemicentin 1,NCBIGene:545370,399
ENSMUSG00000010175,Prox1,prospero homeobox 1,NCBIGene:19130,399
ENSMUSG00000039706,Ldb2,LIM domain binding 2,NCBIGene:16826,421
ENSMUSG00000087461,C230014O12Rik,RIKEN cDNA C230014O12 gene,NCBIGene:329387,277
ENSMUSG00000055409,Nell1,NEL-like 1,NCBIGene:338352,877
ENSMUSG00000064179,Tnnt1,"troponin T1, skeletal, slow",NCBIGene:21955,791
ENSMUSG00000039239,Tgfb2,"transforming growth factor, beta 2",NCBIGene:21808,790
ENSMUSG00000033016,Nfatc1,"nuclear factor of activated T cells, cytoplasmic, calcineurin dependent 1",NCBIGene:18018,544
ENSMUSG00000036192,Rorb,RAR-related orphan receptor beta,NCBIGene:225998,676
ENSMUSG00000038255,Neurod2,neurogenic differentiation 2,NCBIGene:18013,235
ENSMUSG00000056492,Adgrf5,adhesion G protein-coupled receptor F5,NCBIGene:224792,688
ENSMUSG00000027985,Lef1,lymphoid enhancer binding factor 1,NCBIGene:16842,677
ENSMUSG00000021255,Esrrb,"estrogen related receptor, beta",NCBIGene:26380,75
ENSMUSG00000026872,Zeb2,zinc finger E-box binding homeobox 2,NCBIGene:24136,2419
ENSMUSG00000021613,Hapln1,hyaluronan and proteoglycan link protein 1,NCBIGene:12950,525
ENSMUSG00000006369,Fbln1,fibulin 1,NCBIGene:14114,475
ENSMUSG00000021773,Comtd1,catechol-O-methyltransferase domain containing 1,NCBIGene:69156,407
ENSMUSG00000064325,Hhip,Hedgehog-interacting protein,NCBIGene:15245,137
ENSMUSG00000034324,Tmem132c,transmembrane protein 132C,NCBIGene:208213,398
ENSMUSG00000031659,Adcy7,adenylate cyclase 7,NCBIGene:11513,298
ENSMUSG00000022376,Adcy8,adenylate cyclase 8,NCBIGene:11514,1917
ENSMUSG00000022246,Rai14,retinoic acid induced 14,NCBIGene:75646,984
ENSMUSG00000023439,Gnb3,"guanine nucleotide binding protein (G protein), beta 3",NCBIGene:14695,276
ENSMUSG00000032946,Rasgrp2,"RAS, guanyl releasing protein 2",NCBIGene:19395,1138
ENSMUSG00000056752,Dnah9,"dynein, axonemal, heavy chain 9",NCBIGene:237806,264
ENSMUSG00000041378,Cldn5,claudin 5,NCBIGene:12741,899
ENSMUSG00000032899,Styk1,serine/threonine/tyrosine kinase 1,NCBIGene:243659,108
ENSMUSG00000026830,Ermn,"ermin, ERM-like protein",NCBIGene:77767,323
ENSMUSG00000029154,Cwh43,cell wall biogenesis 43 C-terminal homolog,NCBIGene:231293,135
ENSMUSG00000048776,Pthlh,parathyroid hormone-like peptide,NCBIGene:19227,158
ENSMUSG00000021747,4930452B06Rik,RIKEN cDNA 4930452B06 gene,NCBIGene:74430,501
ENSMUSG00000030110,Ret,ret proto-oncogene,NCBIGene:19713,513
ENSMUSG00000015484,Fam163a,"family with sequence similarity 163, member A",NCBIGene:329274,1255
ENSMUSG00000052942,Glis3,GLIS family zinc finger 3,NCBIGene:226075,291
ENSMUSG00000045515,Pou3f3,"POU domain, class 3, transcription factor 3",NCBIGene:18993,1744
ENSMUSG00000058420,Syt17,synaptotagmin XVII,NCBIGene:110058,682
ENSMUSG00000022014,Epsti1,epithelial stromal interaction 1 (breast),NCBIGene:108670,134
ENSMUSG00000036437,Npy1r,neuropeptide Y receptor Y1,NCBIGene:18166,500
ENSMUSG00000025255,Zfhx4,zinc finger homeodomain 4,NCBIGene:80892,1007
ENSMUSG00000010825,Grid2ip,"glutamate receptor, ionotropic, delta 2 (Grid2) interacting protein 1",NCBIGene:170935,413
ENSMUSG00000005124,Ccn4,cellular communication network factor 4,NCBIGene:22402,870
ENSMUSG00000028369,Svep1,"sushi, von Willebrand factor type A, EGF and pentraxin domain containing 1",NCBIGene:64817,445
ENSMUSG00000045591,Olig3,oligodendrocyte transcription factor 3,NCBIGene:94222,68
ENSMUSG00000021055,Esr2,estrogen receptor 2 (beta),NCBIGene:13983,192
ENSMUSG00000020902,Ntn1,netrin 1,NCBIGene:18208,498
ENSMUSG00000021647,Cartpt,CART prepropeptide,NCBIGene:27220,535
ENSMUSG00000028023,Pitx2,paired-like homeodomain transcription factor 2,NCBIGene:18741,212
ENSMUSG00000090255,4921534H16Rik,RIKEN cDNA 4921534H16 gene,NCBIGene:66737,119
ENSMUSG00000037035,Inhbb,inhibin beta-B,NCBIGene:16324,350
ENSMUSG00000032796,Lama1,"laminin, alpha 1",NCBIGene:16772,140
ENSMUSG00000020672,Sntg2,"syntrophin, gamma 2",NCBIGene:268534,1109
ENSMUSG00000078137,Ankrd63,ankyrin repeat domain 63,NCBIGene:383787,1027
ENSMUSG00000045532,C1ql1,"complement component 1, q subcomponent-like 1",NCBIGene:23829,353
ENSMUSG00000070867,Trabd2b,TraB domain containing 2B,NCBIGene:666048,92
ENSMUSG00000021217,Tshz3,teashirt zinc finger family member 3,NCBIGene:243931,712
ENSMUSG00000028289,Epha7,Eph receptor A7,NCBIGene:13841,956
ENSMUSG00000032274,Cyp19a1,"cytochrome P450, family 19, subfamily a, polypeptide 1",NCBIGene:13075,73
ENSMUSG00000001988,Npas1,neuronal PAS domain protein 1,NCBIGene:18142,121
ENSMUSG00000028885,Smpdl3b,"sphingomyelin phosphodiesterase, acid-like 3B",NCBIGene:100340,167
ENSMUSG00000000184,Ccnd2,cyclin D2,NCBIGene:12444,1171
ENSMUSG00000109995,B020031H02Rik,RIKEN cDNA B020031H02 gene,,452
ENSMUSG00000045493,Bhlhe23,"basic helix-loop-helix family, member e23",NCBIGene:140489,45
ENSMUSG00000020932,Gfap,glial fibrillary acidic protein,NCBIGene:14580,1633
ENSMUSG00000046607,Hrk,"harakiri, BCL2 interacting protein (contains only BH3 domain)",NCBIGene:12123,301
ENSMUSG00000059456,Ptk2b,PTK2 protein tyrosine kinase 2 beta,NCBIGene:19229,1756
ENSMUSG00000023046,Igfbp6,insulin-like growth factor binding protein 6,NCBIGene:16012,687
ENSMUSG00000031104,Rab33a,"RAB33A, member RAS oncogene family",NCBIGene:19337,699
ENSMUSG00000026193,Fn1,fibronectin 1,NCBIGene:14268,1265
ENSMUSG00000026343,Gpr39,G protein-coupled receptor 39,NCBIGene:71111,148
ENSMUSG00000035258,Abi3bp,"ABI gene family, member 3 (NESH) binding protein",NCBIGene:320712,1008
ENSMUSG00000039954,Stk32a,serine/threonine kinase 32A,NCBIGene:269019,426
ENSMUSG00000030495,Slc7a10,"solute carrier family 7 (cationic amino acid transporter, y+ system), member 10",NCBIGene:53896,693
ENSMUSG00000044646,Zbtb7c,zinc finger and BTB domain containing 7C,NCBIGene:207259,328
ENSMUSG00000041064,Pif1,PIF1 5'-to-3' DNA helicase,NCBIGene:208084,63
ENSMUSG00000091519,Skor2,SKI family transcriptional corepressor 2,NCBIGene:664805,53
ENSMUSG00000031558,Slit2,slit guidance ligand 2,NCBIGene:20563,174
ENSMUSG00000021219,Rgs6,regulator of G-protein signaling 6,NCBIGene:50779,1412
ENSMUSG00000048562,Sp8,trans-acting transcription factor 8,NCBIGene:320145,1463
ENSMUSG00000026424,Gpr37l1,G protein-coupled receptor 37-like 1,NCBIGene:171469,1290
ENSMUSG00000058925,Ccdc192,coiled-coil domain containing 192,NCBIGene:75444,93
ENSMUSG00000041482,Piezo2,piezo-type mechanosensitive ion channel component 2,NCBIGene:667742,198
ENSMUSG00000021868,Ppif,peptidylprolyl isomerase F (cyclophilin F),NCBIGene:105675,899
ENSMUSG00000027820,Mme,membrane metallo endopeptidase,NCBIGene:17380,434
ENSMUSG00000046321,Hs3st2,heparan sulfate (glucosamine) 3-O-sulfotransferase 2,NCBIGene:195646,1259
ENSMUSG00000036131,Frmd7,FERM domain containing 7,NCBIGene:385354,1947
ENSMUSG00000032368,Zic1,zinc finger protein of the cerebellum 1,NCBIGene:22771,1900
ENSMUSG00000066113,Adamtsl1,ADAMTS-like 1,NCBIGene:77739,808
ENSMUSG00000020218,Wif1,Wnt inhibitory factor 1,NCBIGene:24117,117
ENSMUSG00000005763,Cd247,CD247 antigen,NCBIGene:12503,55
ENSMUSG00000046159,Chrm3,"cholinergic receptor, muscarinic 3, cardiac",NCBIGene:12671,1213
ENSMUSG00000078958,Atp6ap1l,"ATPase, H+ transporting, lysosomal accessory protein 1-like",NCBIGene:435376,463
ENSMUSG00000004231,Pax2,paired box 2,NCBIGene:18504,111
ENSMUSG00000039349,C130074G19Rik,RIKEN cDNA C130074G19 gene,NCBIGene:226777,1290
ENSMUSG00000047945,Marcksl1,MARCKS-like 1,NCBIGene:17357,2328
ENSMUSG00000039714,Cplx3,complexin 3,NCBIGene:235415,251
ENSMUSG00000003438,Timm50,translocase of inner mitochondrial membrane 50,NCBIGene:66525,1054
ENSMUSG00000001435,Col18a1,"collagen, type XVIII, alpha 1",NCBIGene:12822,403
ENSMUSG00000044033,Ccdc141,coiled-coil domain containing 141,NCBIGene:545428,1243
ENSMUSG00000006522,Itih3,"inter-alpha trypsin inhibitor, heavy chain 3",NCBIGene:16426,588
ENSMUSG00000061048,Cdh3,cadherin 3,NCBIGene:12560,224
ENSMUSG00000049001,Ndnf,neuron-derived neurotrophic factor,NCBIGene:68169,1318
ENSMUSG00000002944,Cd36,CD36 molecule,NCBIGene:12491,191
ENSMUSG00000095105,Edaradd,EDAR (ectodysplasin-A receptor)-associated death domain,NCBIGene:171211,126
ENSMUSG00000068859,Sp9,trans-acting transcription factor 9,NCBIGene:381373,1886
ENSMUSG00000032332,Col12a1,"collagen, type XII, alpha 1",NCBIGene:12816,319
ENSMUSG00000039410,Prdm16,PR domain containing 16,NCBIGene:70673,518
ENSMUSG00000040478,Prdm13,PR domain containing 13,NCBIGene:230025,197
ENSMUSG00000030111,A2m,alpha-2-macroglobulin,NCBIGene:232345,248
ENSMUSG00000032303,Chrna3,"cholinergic receptor, nicotinic, alpha polypeptide 3",NCBIGene:110834,93
ENSMUSG00000017400,Stac2,SH3 and cysteine rich domain 2,NCBIGene:217154,1733
ENSMUSG00000050663,Trhde,TRH-degrading enzyme,NCBIGene:237553,1218
ENSMUSG00000047259,Mc4r,melanocortin 4 receptor,NCBIGene:17202,68
ENSMUSG00000038168,P3h2,prolyl 3-hydroxylase 2,NCBIGene:210530,731
ENSMUSG00000040254,Sema3d,"sema domain, immunoglobulin domain (Ig), short basic domain, secreted, (semaphorin) 3D",NCBIGene:108151,514
ENSMUSG00000022949,Clic6,chloride intracellular channel 6,NCBIGene:209195,189
ENSMUSG00000029859,Epha1,Eph receptor A1,NCBIGene:13835,93
ENSMUSG00000048915,Efna5,ephrin A5,NCBIGene:13640,951
ENSMUSG00000043631,Ecm2,"extracellular matrix protein 2, female organ and adipocyte specific",NCBIGene:407800,235
ENSMUSG00000032487,Ptgs2,prostaglandin-endoperoxide synthase 2,NCBIGene:19225,125
ENSMUSG00000027971,Ndst4,N-deacetylase/N-sulfotransferase (heparin glucosaminyl) 4,NCBIGene:64580,407
ENSMUSG00000024411,Aqp4,aquaporin 4,NCBIGene:11829,1115
ENSMUSG00000030270,Cpne9,copine family member IX,NCBIGene:211232,352
ENSMUSG00000029683,Lmod2,leiomodin 2 (cardiac),NCBIGene:93677,88
ENSMUSG00000063632,Sox11,SRY (sex determining region Y)-box 11,NCBIGene:20666,1303
ENSMUSG00000026344,Lypd1,Ly6/Plaur domain containing 1,NCBIGene:72585,207
ENSMUSG00000054667,Irs4,insulin receptor substrate 4,NCBIGene:16370,78
ENSMUSG00000024907,Gal,galanin and GMAP prepropeptide,NCBIGene:14419,137
ENSMUSG00000049511,Htr1b,5-hydroxytryptamine (serotonin) receptor 1B,NCBIGene:15551,147
ENSMUSG00000058488,Kl,klotho,NCBIGene:16591,202
ENSMUSG00000086126,Evx1os,"even skipped homeotic gene 1, opposite strand",NCBIGene:70593,118
ENSMUSG00000075224,Lrrc55,leucine rich repeat containing 55,NCBIGene:241528,1028
ENSMUSG00000091243,Vgll3,vestigial like family member 3,NCBIGene:73569,130
ENSMUSG00000030551,Nr2f2,"nuclear receptor subfamily 2, group F, member 2",NCBIGene:11819,579
ENSMUSG00000022306,Zfpm2,"zinc finger protein, multitype 2",NCBIGene:22762,418
ENSMUSG00000031734,Irx3,Iroquois related homeobox 3,NCBIGene:16373,146
ENSMUSG00000030247,Kcnj8,"potassium inwardly-rectifying channel, subfamily J, member 8",NCBIGene:16523,165
ENSMUSG00000047712,Ust,uronyl-2-sulfotransferase,NCBIGene:338362,1278
ENSMUSG00000046593,Tmem215,transmembrane protein 215,NCBIGene:320500,74
ENSMUSG00000023391,Dlx2,distal-less homeobox 2,NCBIGene:13392,1564
ENSMUSG00000031189,Aff2,"AF4/FMR2 family, member 2",NCBIGene:14266,609
ENSMUSG00000097623,B230323A14Rik,RIKEN cDNA B230323A14 gene,,211
ENSMUSG00000055471,Alk,anaplastic lymphoma kinase,NCBIGene:11682,301
ENSMUSG00000069170,Adgrv1,adhesion G protein-coupled receptor V1,NCBIGene:110789,372
ENSMUSG00000027004,Frzb,frizzled-related protein,NCBIGene:20378,959
ENSMUSG00000021536,Adcy2,adenylate cyclase 2,NCBIGene:210044,1765
ENSMUSG00000038115,Ano2,anoctamin 2,NCBIGene:243634,141
ENSMUSG00000091636,Akain1,A kinase (PRKA) anchor inhibitor 1,NCBIGene:320722,967
ENSMUSG00000042596,Tfap2d,"transcription factor AP-2, delta",NCBIGene:226896,63
ENSMUSG00000068696,Gpr88,G-protein coupled receptor 88,NCBIGene:64378,226
ENSMUSG00000041548,Hspb8,heat shock protein 8,NCBIGene:80888,384
ENSMUSG00000035594,Chrna5,"cholinergic receptor, nicotinic, alpha polypeptide 5",NCBIGene:110835,187
ENSMUSG00000030047,Arhgap25,Rho GTPase activating protein 25,NCBIGene:232201,176
ENSMUSG00000027217,Tspan18,tetraspanin 18,NCBIGene:241556,411
ENSMUSG00000036834,Plch1,"phospholipase C, eta 1",NCBIGene:269437,182
ENSMUSG00000015568,Lpl,lipoprotein lipase,NCBIGene:16956,149
ENSMUSG00000032360,Hcrtr2,hypocretin (orexin) receptor 2,NCBIGene:387285,68
ENSMUSG00000036907,C1ql2,"complement component 1, q subcomponent-like 2",NCBIGene:226359,183
ENSMUSG00000021464,Ror2,receptor tyrosine kinase-like orphan receptor 2,NCBIGene:26564,211
ENSMUSG00000071234,Syndig1l,synapse differentiation inducing 1 like,NCBIGene:627191,828
ENSMUSG00000030513,Pcsk6,proprotein convertase subtilisin/kexin type 6,NCBIGene:18553,647
ENSMUSG00000068122,Agtr2,"angiotensin II receptor, type 2",NCBIGene:11609,184
ENSMUSG00000027765,P2ry1,"purinergic receptor P2Y, G-protein coupled 1",NCBIGene:18441,538
ENSMUSG00000053153,Spag16,sperm associated antigen 16,NCBIGene:66722,111
ENSMUSG00000039728,Slc6a5,"solute carrier family 6 (neurotransmitter transporter, glycine), member 5",NCBIGene:104245,84
ENSMUSG00000030088,Aldh1l1,"aldehyde dehydrogenase 1 family, member L1",NCBIGene:107747,1240
ENSMUSG00000018604,Tbx3,T-box 3,NCBIGene:21386,382
ENSMUSG00000059173,Pde1a,"phosphodiesterase 1A, calmodulin-dependent",NCBIGene:18573,570
ENSMUSG00000060044,Tmem26,transmembrane protein 26,NCBIGene:327766,133
ENSMUSG00000029591,Ung,uracil DNA glycosylase,NCBIGene:22256,750
ENSMUSG00000036022,Fam122b,"family with sequence similarity 122, member B",NCBIGene:78755,402
ENSMUSG00000079105,C7,complement component 7,NCBIGene:109828,63
ENSMUSG00000021680,Crhbp,corticotropin releasing hormone binding protein,NCBIGene:12919,464
ENSMUSG00000028173,Wls,wntless WNT ligand secretion mediator,NCBIGene:68151,1805
ENSMUSG00000045613,Chrm2,"cholinergic receptor, muscarinic 2, cardiac",NCBIGene:243764,1459
ENSMUSG00000021743,Fezf2,Fez family zinc finger 2,NCBIGene:54713,162
ENSMUSG00000043557,Mdga1,MAM domain containing glycosylphosphatidylinositol anchor 1,NCBIGene:74762,998
ENSMUSG00000042045,Sln,sarcolipin,NCBIGene:66402,105
ENSMUSG00000028909,Ptpru,"protein tyrosine phosphatase, receptor type, U",NCBIGene:19273,469
ENSMUSG00000060429,Sntb1,"syntrophin, basic 1",NCBIGene:20649,548
ENSMUSG00000031492,Chrnb3,"cholinergic receptor, nicotinic, beta polypeptide 3",NCBIGene:108043,132
ENSMUSG00000079173,Zan,zonadhesin,NCBIGene:22635,62
ENSMUSG00000057604,Lmcd1,LIM and cysteine-rich domains 1,NCBIGene:30937,750
ENSMUSG00000017491,Rarb,"retinoic acid receptor, beta",NCBIGene:218772,504
ENSMUSG00000029334,Prkg2,"protein kinase, cGMP-dependent, type II",NCBIGene:19092,644
ENSMUSG00000056380,Gpr50,G-protein-coupled receptor 50,NCBIGene:14765,187
ENSMUSG00000036103,Colec12,collectin sub-family member 12,NCBIGene:140792,448
ENSMUSG00000045991,Onecut2,"one cut domain, family member 2",NCBIGene:225631,75
ENSMUSG00000020123,Avpr1a,arginine vasopressin receptor 1A,NCBIGene:54140,76
ENSMUSG00000039004,Bmp6,bone morphogenetic protein 6,NCBIGene:12161,593
ENSMUSG00000040373,Cacng5,"calcium channel, voltage-dependent, gamma subunit 5",NCBIGene:140723,2251
ENSMUSG00000043850,Clrn1,clarin 1,NCBIGene:229320,119
ENSMUSG00000024565,Sall3,spalt like transcription factor 3,NCBIGene:20689,1582
ENSMUSG00000041272,Tox,thymocyte selection-associated high mobility group box,NCBIGene:252838,818
ENSMUSG00000020963,Tshr,thyroid stimulating hormone receptor,NCBIGene:22095,108
ENSMUSG00000042353,Frem3,Fras1 related extracellular matrix protein 3,NCBIGene:333315,64
ENSMUSG00000028358,Zfp618,zinc finger protein 618,NCBIGene:72701,585
ENSMUSG00000045672,Col27a1,"collagen, type XXVII, alpha 1",NCBIGene:373864,663
ENSMUSG00000022665,Ccdc80,coiled-coil domain containing 80,NCBIGene:67896,342
ENSMUSG00000029338,Antxr2,anthrax toxin receptor 2,NCBIGene:71914,282
ENSMUSG00000027833,Shox2,short stature homeobox 2,NCBIGene:20429,77
ENSMUSG00000031212,Pgr15l,G protein-coupled receptor 15-like,NCBIGene:245526,47
ENSMUSG00000091345,Col6a5,"collagen, type VI, alpha 5",NCBIGene:665033,79
ENSMUSG00000032231,Anxa2,annexin A2,NCBIGene:12306,674
ENSMUSG00000028172,Tacr3,tachykinin receptor 3,NCBIGene:21338,193
ENSMUSG00000046922,Gpr6,G protein-coupled receptor 6,NCBIGene:140741,173
ENSMUSG00000034384,Barhl2,BarH like homeobox 2,NCBIGene:104382,311
ENSMUSG00000026751,Nr5a1,"nuclear receptor subfamily 5, group A, member 1",NCBIGene:26423,38
ENSMUSG00000027360,Hdc,histidine decarboxylase,NCBIGene:15186,112
ENSMUSG00000026355,Mcm6,minichromosome maintenance complex component 6,NCBIGene:17219,368
ENSMUSG00000023367,Tmem176a,transmembrane protein 176A,NCBIGene:66058,682
ENSMUSG00000055214,Pld5,"phospholipase D family, member 5",NCBIGene:319455,610
ENSMUSG00000034997,Htr2a,5-hydroxytryptamine (serotonin) receptor 2A,NCBIGene:15558,565
ENSMUSG00000098097,6530403H02Rik,RIKEN cDNA 6530403H02 gene,,85
ENSMUSG00000000861,Bcl11a,B cell CLL/lymphoma 11A (zinc finger protein),NCBIGene:14025,1956
ENSMUSG00000002804,Nudt14,nudix (nucleoside diphosphate linked moiety X)-type motif 14,NCBIGene:66174,609
ENSMUSG00000075270,Pde11a,phosphodiesterase 11A,NCBIGene:241489,188
ENSMUSG00000054360,Bsx,brain specific homeobox,NCBIGene:244813,84
ENSMUSG00000019913,Sim1,single-minded family bHLH transcription factor 1,NCBIGene:20464,116
ENSMUSG00000026678,Rgs5,regulator of G-protein signaling 5,NCBIGene:19737,895
ENSMUSG00000059857,Ntng1,netrin G1,NCBIGene:80883,975
ENSMUSG00000053965,Pde5a,"phosphodiesterase 5A, cGMP-specific",NCBIGene:242202,652
ENSMUSG00000074637,Sox2,SRY (sex determining region Y)-box 2,NCBIGene:20674,2059
ENSMUSG00000048583,Igf2,insulin-like growth factor 2,NCBIGene:16002,415
ENSMUSG00000029151,Slc30a3,"solute carrier family 30 (zinc transporter), member 3",NCBIGene:22784,363
ENSMUSG00000046178,Nxph1,neurexophilin 1,NCBIGene:18231,1551
ENSMUSG00000051279,Gdf6,growth differentiation factor 6,NCBIGene:242316,479
ENSMUSG00000003545,Fosb,FBJ osteosarcoma oncogene B,NCBIGene:14282,434
ENSMUSG00000028197,Col24a1,"collagen, type XXIV, alpha 1",NCBIGene:71355,881
ENSMUSG00000059325,Hopx,HOP homeobox,NCBIGene:74318,687
ENSMUSG00000017897,Eya2,EYA transcriptional coactivator and phosphatase 2,NCBIGene:14049,488
ENSMUSG00000090061,Nwd2,NACHT and WD repeat domain containing 2,NCBIGene:319807,193
ENSMUSG00000004655,Aqp1,aquaporin 1,NCBIGene:11826,531
ENSMUSG00000047591,Mafa,"v-maf musculoaponeurotic fibrosarcoma oncogene family, protein A (avian)",NCBIGene:378435,494
ENSMUSG00000044017,Adgrd1,adhesion G protein-coupled receptor D1,NCBIGene:243277,161
ENSMUSG00000062209,Erbb4,erb-b2 receptor tyrosine kinase 4,NCBIGene:13869,1250
ENSMUSG00000022705,Drd3,dopamine receptor D3,NCBIGene:13490,116
ENSMUSG00000033502,Cdc14a,CDC14 cell division cycle 14A,NCBIGene:229776,321
ENSMUSG00000029754,Dlx6,distal-less homeobox 6,NCBIGene:13396,1553
ENSMUSG00000003379,Cd79a,CD79A antigen (immunoglobulin-associated alpha),NCBIGene:12518,65
ENSMUSG00000021702,Thbs4,thrombospondin 4,NCBIGene:21828,49
ENSMUSG00000048126,Col6a3,"collagen, type VI, alpha 3",NCBIGene:12835,128
ENSMUSG00000025905,Oprk1,"opioid receptor, kappa 1",NCBIGene:18387,184
ENSMUSG00000022025,Cnmd,chondromodulin,NCBIGene:16840,201
ENSMUSG00000114028,9630002D21Rik,RIKEN cDNA 9630002D21 gene,,84
ENSMUSG00000035431,Sstr1,somatostatin receptor 1,NCBIGene:20605,923
ENSMUSG00000045871,Slitrk6,"SLIT and NTRK-like family, member 6",NCBIGene:239250,196
ENSMUSG00000003411,Rab3b,"RAB3B, member RAS oncogene family",NCBIGene:69908,891
ENSMUSG00000023169,Slc38a1,"solute carrier family 38, member 1",NCBIGene:105727,2382
ENSMUSG00000035305,Ror1,receptor tyrosine kinase-like orphan receptor 1,NCBIGene:26563,248
ENSMUSG00000091387,Gcnt4,"glucosaminyl (N-acetyl) transferase 4, core 2 (beta-1,6-N-acetylglucosaminyltransferase)",NCBIGene:218476,354
ENSMUSG00000020732,Rab37,"RAB37, member RAS oncogene family",NCBIGene:58222,542
ENSMUSG00000029335,Bmp3,bone morphogenetic protein 3,NCBIGene:110075,291
ENSMUSG00000012443,Kif11,kinesin family member 11,NCBIGene:16551,108
ENSMUSG00000022887,Masp1,mannan-binding lectin serine peptidase 1,NCBIGene:17174,372
ENSMUSG00000040969,Arhgef38,Rho guanine nucleotide exchange factor (GEF) 38,NCBIGene:77669,93
ENSMUSG00000020905,Usp43,ubiquitin specific peptidase 43,NCBIGene:216835,114
ENSMUSG00000031520,Vegfc,vascular endothelial growth factor C,NCBIGene:22341,315
ENSMUSG00000079466,Prdm12,PR domain containing 12,NCBIGene:381359,85
ENSMUSG00000042826,Fgf11,fibroblast growth factor 11,NCBIGene:14166,1303
ENSMUSG00000039095,En2,engrailed 2,NCBIGene:13799,71
ENSMUSG00000032502,Stac,src homology three (SH3) and cysteine rich domain,NCBIGene:20840,399
ENSMUSG00000021676,Iqgap2,IQ motif containing GTPase activating protein 2,NCBIGene:544963,164
ENSMUSG00000034037,Fgd5,"FYVE, RhoGEF and PH domain containing 5",NCBIGene:232237,669
ENSMUSG00000024990,Rbp4,"retinol binding protein 4, plasma",NCBIGene:19662,151
ENSMUSG00000028864,Hgf,hepatocyte growth factor,NCBIGene:15234,270
ENSMUSG00000028717,Tal1,T cell acute lymphocytic leukemia 1,NCBIGene:21349,294
ENSMUSG00000031491,Chrna6,"cholinergic receptor, nicotinic, alpha polypeptide 6",NCBIGene:11440,60
ENSMUSG00000027204,Fbn1,fibrillin 1,NCBIGene:14118,223
ENSMUSG00000024421,Lama3,"laminin, alpha 3",NCBIGene:16774,1336
ENSMUSG00000059049,Frem1,Fras1 related extracellular matrix protein 1,NCBIGene:329872,181
ENSMUSG00000045573,Penk,preproenkephalin,NCBIGene:18619,1670
ENSMUSG00000023484,Prph,peripherin,NCBIGene:19132,102
ENSMUSG00000026604,Ptpn14,"protein tyrosine phosphatase, non-receptor type 14",NCBIGene:19250,1331
ENSMUSG00000024985,Tcf7l2,"transcription factor 7 like 2, T cell specific, HMG box",NCBIGene:21416,565
ENSMUSG00000048332,Lhfp,lipoma HMGIC fusion partner,NCBIGene:108927,1161
ENSMUSG00000019787,Trdn,triadin,NCBIGene:76757,694
ENSMUSG00000038668,Lpar1,lysophosphatidic acid receptor 1,NCBIGene:14745,878
ENSMUSG00000042429,Adora1,adenosine A1 receptor,NCBIGene:11539,1076
ENSMUSG00000062309,Rpp25,ribonuclease P/MRP 25 subunit,NCBIGene:102614,1350
ENSMUSG00000043168,4930426D05Rik,RIKEN cDNA 4930426D05 gene,,152
ENSMUSG00000028339,Col15a1,"collagen, type XV, alpha 1",NCBIGene:12819,491
ENSMUSG00000022935,Grik1,"glutamate receptor, ionotropic, kainate 1",NCBIGene:14805,743
ENSMUSG00000097466,D430036J16Rik,RIKEN cDNA D430036J16 gene,NCBIGene:319405,62
ENSMUSG00000063727,Tnfrsf11b,"tumor necrosis factor receptor superfamily, member 11b (osteoprotegerin)",NCBIGene:18383,133
ENSMUSG00000022245,Skor1,SKI family transcriptional corepressor 1,NCBIGene:207667,116
ENSMUSG00000028370,Pappa,pregnancy-associated plasma protein A,NCBIGene:18491,788
ENSMUSG00000039385,Cdh6,cadherin 6,NCBIGene:12563,937
ENSMUSG00000042567,Nek10,NIMA (never in mitosis gene a)- related kinase 10,NCBIGene:674895,60
ENSMUSG00000047344,Lancl3,LanC lantibiotic synthetase component C-like 3 (bacterial),NCBIGene:236285,776
ENSMUSG00000031548,Sfrp1,secreted frizzled-related protein 1,NCBIGene:20377,526
ENSMUSG00000020614,Fam20a,"family with sequence similarity 20, member A",NCBIGene:208659,316
ENSMUSG00000024998,Plce1,"phospholipase C, epsilon 1",NCBIGene:74055,623
ENSMUSG00000031557,Plekha2,"pleckstrin homology domain-containing, family A (phosphoinositide binding specific) member 2",NCBIGene:83436,1814
ENSMUSG00000023913,Pla2g7,"phospholipase A2, group VII (platelet-activating factor acetylhydrolase, plasma)",NCBIGene:27226,1791
ENSMUSG00000057967,Fgf18,fibroblast growth factor 18,NCBIGene:14172,178
ENSMUSG00000031364,Grpr,gastrin releasing peptide receptor,NCBIGene:14829,61
ENSMUSG00000057719,Sh3rf2,SH3 domain containing ring finger 2,NCBIGene:269016,196
ENSMUSG00000035783,Acta2,"actin, alpha 2, smooth muscle, aorta",NCBIGene:11475,190
ENSMUSG00000045903,Npas4,neuronal PAS domain protein 4,NCBIGene:225872,835
ENSMUSG00000026235,Epha4,Eph receptor A4,NCBIGene:13838,1377
ENSMUSG00000041431,Ccnb1,cyclin B1,NCBIGene:268697,143
ENSMUSG00000048251,Bcl11b,B cell leukemia/lymphoma 11B,NCBIGene:58208,1333
ENSMUSG00000029822,Osbpl3,oxysterol binding protein-like 3,NCBIGene:71720,1120
ENSMUSG00000090291,Lrrc10b,leucine rich repeat containing 10B,NCBIGene:278795,129
ENSMUSG00000039153,Runx2,runt related transcription factor 2,NCBIGene:12393,1028
ENSMUSG00000049555,Tmie,transmembrane inner ear,NCBIGene:20776,227
ENSMUSG00000075707,Dio3,"deiodinase, iodothyronine type III",NCBIGene:107585,54
ENSMUSG00000022836,Mylk,"myosin, light polypeptide kinase",NCBIGene:107589,431
ENSMUSG00000033207,Mamdc2,MAM domain containing 2,NCBIGene:71738,114
ENSMUSG00000026726,Cubn,cubilin (intrinsic factor-cobalamin receptor),NCBIGene:65969,90
ENSMUSG00000037016,Frem2,Fras1 related extracellular matrix protein 2,NCBIGene:242022,176
ENSMUSG00000038650,Rnh1,ribonuclease/angiogenin inhibitor 1,NCBIGene:107702,1643
ENSMUSG00000003476,Crhr2,corticotropin releasing hormone receptor 2,NCBIGene:12922,245
ENSMUSG00000096225,Lhx8,LIM homeobox protein 8,NCBIGene:16875,94
ENSMUSG00000041957,Pkp2,plakophilin 2,NCBIGene:67451,176
ENSMUSG00000038257,Glra3,"glycine receptor, alpha 3 subunit",NCBIGene:110304,125
ENSMUSG00000024043,Arhgap28,Rho GTPase activating protein 28,NCBIGene:268970,161
ENSMUSG00000021200,Asb2,ankyrin repeat and SOCS box-containing 2,NCBIGene:65256,425
ENSMUSG00000025128,Bhlhe22,"basic helix-loop-helix family, member e22",NCBIGene:59058,116
ENSMUSG00000030525,Chrna7,"cholinergic receptor, nicotinic, alpha polypeptide 7",NCBIGene:11441,778
ENSMUSG00000029595,Lhx5,LIM homeobox protein 5,NCBIGene:16873,93
ENSMUSG00000027230,Creb3l1,cAMP responsive element binding protein 3-like 1,NCBIGene:26427,549
ENSMUSG00000037610,Kcnmb2,"potassium large conductance calcium-activated channel, subfamily M, beta member 2",NCBIGene:72413,728
ENSMUSG00000062372,Otof,otoferlin,NCBIGene:83762,95
ENSMUSG00000072568,Lratd2,LRAT domain containing 1,NCBIGene:399603,481
ENSMUSG00000028743,Akr7a5,"aldo-keto reductase family 7, member A5 (aflatoxin aldehyde reductase)",NCBIGene:110198,571
ENSMUSG00000020122,Egfr,epidermal growth factor receptor,NCBIGene:13649,608
ENSMUSG00000032845,Alpk2,alpha-kinase 2,NCBIGene:225638,229
ENSMUSG00000020734,Grin2c,"glutamate receptor, ionotropic, NMDA2C (epsilon 3)",NCBIGene:14813,1073
ENSMUSG00000001911,Nfix,nuclear factor I/X,NCBIGene:18032,2050
ENSMUSG00000014813,Stc1,stanniocalcin 1,NCBIGene:20855,280
ENSMUSG00000067001,Serpinb7,"serine (or cysteine) peptidase inhibitor, clade B, member 7",NCBIGene:116872,87
ENSMUSG00000021239,Vsx2,visual system homeobox 2,NCBIGene:12677,67
ENSMUSG00000042761,Mrap2,melanocortin 2 receptor accessory protein 2,NCBIGene:244958,317
ENSMUSG00000043456,Zfp536,zinc finger protein 536,NCBIGene:243937,973
ENSMUSG00000055322,Tns1,tensin 1,NCBIGene:21961,1562
ENSMUSG00000034687,Fras1,Fraser extracellular matrix complex subunit 1,NCBIGene:231470,908
ENSMUSG00000026247,Ecel1,endothelin converting enzyme-like 1,NCBIGene:13599,136
ENSMUSG00000063681,Crb1,"crumbs family member 1, photoreceptor morphogenesis associated",NCBIGene:170788,64
ENSMUSG00000030595,Nfkbib,"nuclear factor of kappa light polypeptide gene enhancer in B cells inhibitor, beta",NCBIGene:18036,488
ENSMUSG00000001773,Folh1,folate hydrolase 1,NCBIGene:53320,425
ENSMUSG00000049538,Adamts16,"a disintegrin-like and metallopeptidase (reprolysin type) with thrombospondin type 1 motif, 16",NCBIGene:271127,540
ENSMUSG00000026315,Serpinb8,"serine (or cysteine) peptidase inhibitor, clade B, member 8",NCBIGene:20725,362
ENSMUSG00000027270,Lamp5,"lysosomal-associated membrane protein family, member 5",NCBIGene:76161,912
ENSMUSG00000021765,Fst,follistatin,NCBIGene:14313,375
ENSMUSG00000110027,C030029H02Rik,RIKEN cDNA C030029H02 gene,NCBIGene:77383,190
ENSMUSG00000026023,Cdk15,cyclin-dependent kinase 15,NCBIGene:271697,163
ENSMUSG00000069171,Nr2f1,"nuclear receptor subfamily 2, group F, member 1",NCBIGene:13865,1414
ENSMUSG00000038679,Trps1,transcriptional repressor GATA binding 1,NCBIGene:83925,1364
ENSMUSG00000049115,Agtr1a,"angiotensin II receptor, type 1a",NCBIGene:11607,68
ENSMUSG00000033774,Npbwr1,neuropeptides B/W receptor 1,NCBIGene:226304,195
ENSMUSG00000049630,C1ql3,C1q-like 3,NCBIGene:227580,267
ENSMUSG00000027966,Col11a1,"collagen, type XI, alpha 1",NCBIGene:12814,925
ENSMUSG00000030074,Gxylt2,glucoside xylosyltransferase 2,NCBIGene:232313,287
ENSMUSG00000029810,Tmem176b,transmembrane protein 176B,NCBIGene:65963,1182
ENSMUSG00000048218,Amigo2,adhesion molecule with Ig like domain 2,NCBIGene:105827,1095
ENSMUSG00000096014,Sox1,SRY (sex determining region Y)-box 1,NCBIGene:20664,1811
ENSMUSG00000051747,Ttn,titin,NCBIGene:22138,54
ENSMUSG00000055044,Pdlim1,PDZ and LIM domain 1 (elfin),NCBIGene:54132,262
ENSMUSG00000025089,Gfra1,glial cell line derived neurotrophic factor family receptor alpha 1,NCBIGene:14585,737
ENSMUSG00000055866,Per2,period circadian clock 2,NCBIGene:18627,1584
ENSMUSG00000053475,Tnfaip6,tumor necrosis factor alpha induced protein 6,NCBIGene:21930,496
ENSMUSG00000029135,Fosl2,fos-like antigen 2,NCBIGene:14284,1159
ENSMUSG00000074971,Fibin,fin bud initiation factor homolog (zebrafish),NCBIGene:67606,320
ENSMUSG00000037279,Ovol2,ovo like zinc finger 2,NCBIGene:107586,56
ENSMUSG00000021721,Htr1a,5-hydroxytryptamine (serotonin) receptor 1A,NCBIGene:15550,400
ENSMUSG00000018634,Crhr1,corticotropin releasing hormone receptor 1,NCBIGene:12921,1500
ENSMUSG00000021803,Cdhr1,cadherin-related family member 1,NCBIGene:170677,882
ENSMUSG00000042258,Isl1,"ISL1 transcription factor, LIM/homeodomain",NCBIGene:16392,66
ENSMUSG00000075324,Fign,fidgetin,NCBIGene:60344,329
ENSMUSG00000038156,Spon1,"spondin 1, (f-spondin) extracellular matrix protein",NCBIGene:233744,1313
ENSMUSG00000021835,Bmp4,bone morphogenetic protein 4,NCBIGene:12159,341
ENSMUSG00000064254,Ethe1,ethylmalonic encephalopathy 1,NCBIGene:66071,383
ENSMUSG00000061524,Zic2,zinc finger protein of the cerebellum 2,NCBIGene:22772,1134
ENSMUSG00000025885,Myo5b,myosin VB,NCBIGene:17919,399
ENSMUSG00000114469,C730002L08Rik,RIKEN cDNA C730002L08 gene,NCBIGene:320155,68
ENSMUSG00000038692,Hoxb4,homeobox B4,NCBIGene:15412,65
ENSMUSG00000021541,Trpc7,"transient receptor potential cation channel, subfamily C, member 7",NCBIGene:26946,396
ENSMUSG00000034981,Parm1,prostate androgen-regulated mucin-like protein 1,NCBIGene:231440,539
ENSMUSG00000050063,Klk6,kallikrein related-peptidase 6,NCBIGene:19144,86
ENSMUSG00000042607,Asb4,ankyrin repeat and SOCS box-containing 4,NCBIGene:65255,111
ENSMUSG00000045005,Fzd5,frizzled class receptor 5,NCBIGene:14367,370
ENSMUSG00000027400,Pdyn,prodynorphin,NCBIGene:18610,306
ENSMUSG00000023945,Slc5a7,"solute carrier family 5 (choline transporter), member 7",NCBIGene:63993,111
ENSMUSG00000109473,B930025P03Rik,RIKEN cDNA B930025P03 gene,NCBIGene:320014,149
ENSMUSG00000026805,Barhl1,BarH like homeobox 1,NCBIGene:54422,28
ENSMUSG00000036109,Mbnl3,muscleblind like splicing factor 3,NCBIGene:171170,72
ENSMUSG00000060594,Layn,layilin,NCBIGene:244864,427
ENSMUSG00000030562,Nox4,NADPH oxidase 4,NCBIGene:50490,101
ENSMUSG00000024713,Pcsk5,proprotein convertase subtilisin/kexin type 5,NCBIGene:18552,151
ENSMUSG00000034903,Cobll1,Cobl-like 1,NCBIGene:319876,1316
ENSMUSG00000040828,Catsperd,cation channel sperm associated auxiliary subunit delta,NCBIGene:106757,197
ENSMUSG00000028487,Bnc2,basonuclin 2,NCBIGene:242509,265
ENSMUSG00000045027,Prss22,"protease, serine 22",NCBIGene:70835,37
ENSMUSG00000021318,Gli3,GLI-Kruppel family member GLI3,NCBIGene:14634,344
ENSMUSG00000053897,Slc39a8,"solute carrier family 39 (metal ion transporter), member 8",NCBIGene:67547,323
ENSMUSG00000007279,Scube2,"signal peptide, CUB domain, EGF-like 2",NCBIGene:56788,526
ENSMUSG00000090698,Apold1,apolipoprotein L domain containing 1,NCBIGene:381823,615
ENSMUSG00000040605,Bace2,beta-site APP-cleaving enzyme 2,NCBIGene:56175,154
ENSMUSG00000003746,Man1a,"mannosidase 1, alpha",NCBIGene:17155,1259
ENSMUSG00000051920,Rspo2,R-spondin 2,NCBIGene:239405,56
ENSMUSG00000024420,Zfp521,zinc finger protein 521,NCBIGene:225207,766
ENSMUSG00000027716,Trpc3,"transient receptor potential cation channel, subfamily C, member 3",NCBIGene:22065,708
ENSMUSG00000032006,Pdgfd,"platelet-derived growth factor, D polypeptide",NCBIGene:71785,338
ENSMUSG00000026890,Lhx6,LIM homeobox protein 6,NCBIGene:16874,99
ENSMUSG00000115424,D130079A08Rik,RIKEN cDNA D130079A08 gene,NCBIGene:320671,33
ENSMUSG00000018581,Dnah11,"dynein, axonemal, heavy chain 11",NCBIGene:13411,672
ENSMUSG00000050830,Vwc2,von Willebrand factor C domain containing 2,NCBIGene:319922,888
ENSMUSG00000050541,Adra1b,"adrenergic receptor, alpha 1b",NCBIGene:11548,266
ENSMUSG00000037428,Vgf,VGF nerve growth factor inducible,NCBIGene:381677,1596
ENSMUSG00000054453,Sytl5,synaptotagmin-like 5,NCBIGene:236643,170
ENSMUSG00000051617,Krt9,keratin 9,NCBIGene:107656,647
ENSMUSG00000038760,Trhr,thyrotropin releasing hormone receptor,NCBIGene:22045,190
ENSMUSG00000055110,A630012P03Rik,RIKEN cDNA A630012P03 gene,NCBIGene:100504594,52
ENSMUSG00000052504,Epha3,Eph receptor A3,NCBIGene:13837,1453
ENSMUSG00000036585,Fgf1,fibroblast growth factor 1,NCBIGene:14164,1562
ENSMUSG00000044216,Kcnj4,"potassium inwardly-rectifying channel, subfamily J, member 4",NCBIGene:16520,1828
ENSMUSG00000055540,Epha6,Eph receptor A6,NCBIGene:13840,1609
ENSMUSG00000050511,Oprd1,"opioid receptor, delta 1",NCBIGene:18386,1076
ENSMUSG00000075334,Rprm,"reprimo, TP53 dependent G2 arrest mediator candidate",NCBIGene:67874,1283
ENSMUSG00000032232,Cgnl1,cingulin-like 1,NCBIGene:68178,1099
ENSMUSG00000047507,Baiap3,BAI1-associated protein 3,NCBIGene:545192,529
ENSMUSG00000059991,Nptx2,neuronal pentraxin 2,NCBIGene:53324,785
ENSMUSG00000028019,Pdgfc,"platelet-derived growth factor, C polypeptide",NCBIGene:54635,659
ENSMUSG00000058400,Qrfpr,pyroglutamylated RFamide peptide receptor,NCBIGene:229214,115
ENSMUSG00000029697,Fezf1,Fez family zinc finger 1,NCBIGene:73191,106
ENSMUSG00000028138,Adh5,"alcohol dehydrogenase 5 (class III), chi polypeptide",NCBIGene:11532,1043
ENSMUSG00000022371,Col14a1,"collagen, type XIV, alpha 1",NCBIGene:12818,157
ENSMUSG00000025780,Itih5,inter-alpha (globulin) inhibitor H5,NCBIGene:209378,962
ENSMUSG00000031074,Fgf3,fibroblast growth factor 3,NCBIGene:14174,78
ENSMUSG00000007877,Tcap,titin-cap,NCBIGene:21393,160
ENSMUSG00000034987,Hrh2,histamine receptor H2,NCBIGene:15466,1073
ENSMUSG00000009376,Met,met proto-oncogene,NCBIGene:17295,397
ENSMUSG00000019997,Ccn2,cellular communication network factor 2,NCBIGene:14219,559
ENSMUSG00000001496,Nkx2-1,NK2 homeobox 1,NCBIGene:21869,37
ENSMUSG00000022382,Wnt7b,"wingless-type MMTV integration site family, member 7B",NCBIGene:22422,397
ENSMUSG00000026141,Col19a1,"collagen, type XIX, alpha 1",NCBIGene:12823,281
ENSMUSG00000041734,Kirrel,kirre like nephrin family adhesion molecule 1,NCBIGene:170643,778
ENSMUSG00000025946,Pth2r,parathyroid hormone 2 receptor,NCBIGene:213527,141
ENSMUSG00000022309,Angpt1,angiopoietin 1,NCBIGene:11600,387
ENSMUSG00000048763,Hoxb3,homeobox B3,NCBIGene:15410,252
ENSMUSG00000051029,Serpinb1b,"serine (or cysteine) peptidase inhibitor, clade B, member 1b",NCBIGene:282663,119
ENSMUSG00000037984,Neurod6,neurogenic differentiation 6,NCBIGene:11922,69
ENSMUSG00000060487,Samd5,sterile alpha motif domain containing 5,NCBIGene:320825,420
ENSMUSG00000058099,Nfam1,Nfat activating molecule with ITAM motif 1,NCBIGene:74039,306
ENSMUSG00000045312,Lhfpl2,lipoma HMGIC fusion partner-like 2,NCBIGene:218454,1076
ENSMUSG00000063531,Sema3e,"sema domain, immunoglobulin domain (Ig), short basic domain, secreted, (semaphorin) 3E",NCBIGene:20349,741
ENSMUSG00000069372,Ctxn3,cortexin 3,NCBIGene:629147,804
ENSMUSG00000041380,Htr2c,5-hydroxytryptamine (serotonin) receptor 2C,NCBIGene:15560,97
ENSMUSG00000029193,Cckar,cholecystokinin A receptor,NCBIGene:12425,51
ENSMUSG00000019880,Rspo3,R-spondin 3,NCBIGene:72780,661
ENSMUSG00000026686,Lmx1a,LIM homeobox transcription factor 1 alpha,NCBIGene:110648,55
ENSMUSG00000028003,Lrat,lecithin-retinol acyltransferase (phosphatidylcholine-retinol-O-acyltransferase),NCBIGene:79235,135
ENSMUSG00000027978,Prss12,"protease, serine 12 neurotrypsin (motopsin)",NCBIGene:19142,463
ENSMUSG00000032440,Tgfbr2,"transforming growth factor, beta receptor II",NCBIGene:21813,739
ENSMUSG00000040181,Fmo1,flavin containing monooxygenase 1,NCBIGene:14261,606
ENSMUSG00000032034,Kcnj5,"potassium inwardly-rectifying channel, subfamily J, member 5",NCBIGene:16521,66
ENSMUSG00000042514,Klhl14,kelch-like 14,NCBIGene:225266,196
ENSMUSG00000024647,Cbln2,cerebellin 2 precursor protein,NCBIGene:12405,1008
ENSMUSG00000024256,Adcyap1,adenylate cyclase activating polypeptide 1,NCBIGene:11516,234
ENSMUSG00000095139,Pou3f2,"POU domain, class 3, transcription factor 2",NCBIGene:18992,1036
ENSMUSG00000028778,Hcrtr1,hypocretin (orexin) receptor 1,NCBIGene:230777,59
ENSMUSG00000027318,Adam33,a disintegrin and metallopeptidase domain 33,NCBIGene:110751,200
ENSMUSG00000046532,Ar,androgen receptor,NCBIGene:11835,249
ENSMUSG00000000805,Car4,carbonic anhydrase 4,NCBIGene:12351,839
ENSMUSG00000060371,Caln1,calneuron 1,NCBIGene:140904,225
ENSMUSG00000050840,Cdh20,cadherin 20,NCBIGene:23836,1292
ENSMUSG00000019230,Lhx9,LIM homeobox protein 9,NCBIGene:16876,202
ENSMUSG00000038331,Satb2,special AT-rich sequence binding protein 2,NCBIGene:212712,135
ENSMUSG00000037492,Zmat4,"zinc finger, matrin type 4",NCBIGene:320158,1283
ENSMUSG00000051985,Igfn1,immunoglobulin-like and fibronectin type III domain containing 1,NCBIGene:226438,78
ENSMUSG00000055210,Foxd2,forkhead box D2,NCBIGene:17301,56
ENSMUSG00000020061,Mybpc1,"myosin binding protein C, slow-type",NCBIGene:109272,345
ENSMUSG00000076439,Mog,myelin oligodendrocyte glycoprotein,NCBIGene:17441,331
ENSMUSG00000003617,Cp,ceruloplasmin,NCBIGene:12870,468
ENSMUSG00000075394,Hoxc4,homeobox C4,NCBIGene:15423,160
ENSMUSG00000058056,Palld,"palladin, cytoskeletal associated protein",NCBIGene:72333,315
ENSMUSG00000070570,Slc17a7,"solute carrier family 17 (sodium-dependent inorganic phosphate cotransporter), member 7",NCBIGene:72961,1100
ENSMUSG00000023927,Satb1,special AT-rich sequence binding protein 1,NCBIGene:20230,1256
ENSMUSG00000064080,Fbln2,fibulin 2,NCBIGene:14115,786
ENSMUSG00000046480,Scn4b,"sodium channel, type IV, beta",NCBIGene:399548,126
ENSMUSG00000109588,Lnp1,leukemia NUP98 fusion partner 1,NCBIGene:100503609,266
ENSMUSG00000043668,Tox3,TOX high mobility group box family member 3,NCBIGene:244579,1135
ENSMUSG00000021750,Fam107a,"family with sequence similarity 107, member A",NCBIGene:268709,1857
ENSMUSG00000022715,Tmem114,transmembrane protein 114,NCBIGene:74720,99
ENSMUSG00000020838,Slc6a4,"solute carrier family 6 (neurotransmitter transporter, serotonin), member 4",NCBIGene:15567,90
ENSMUSG00000066438,Plekhd1,"pleckstrin homology domain containing, family D (with coiled-coil domains) member 1",NCBIGene:217682,411
ENSMUSG00000028871,Rspo1,R-spondin 1,NCBIGene:192199,194
ENSMUSG00000039358,Drd5,dopamine receptor D5,NCBIGene:13492,162
ENSMUSG00000084946,Dlx1as,"distal-less homeobox 1, antisense",NCBIGene:111970,1128
ENSMUSG00000041540,Sox5,SRY (sex determining region Y)-box 5,NCBIGene:20678,1076
ENSMUSG00000056947,Mab21l1,mab-21-like 1,NCBIGene:17116,93
ENSMUSG00000022231,Sema5a,"sema domain, seven thrombospondin repeats (type 1 and type 1-like), transmembrane domain (TM) and short cytoplasmic domain, (semaphorin) 5A",NCBIGene:20356,1069
ENSMUSG00000029219,Slc10a4,"solute carrier family 10 (sodium/bile acid cotransporter family), member 4",NCBIGene:231290,83
ENSMUSG00000036856,Wnt4,"wingless-type MMTV integration site family, member 4",NCBIGene:22417,125
ENSMUSG00000031636,Pdlim3,PDZ and LIM domain 3,NCBIGene:53318,170
ENSMUSG00000063506,Arhgap22,Rho GTPase activating protein 22,NCBIGene:239027,793
ENSMUSG00000028222,Calb1,calbindin 1,NCBIGene:12307,306
ENSMUSG00000049796,Crh,corticotropin releasing hormone,NCBIGene:12918,315
ENSMUSG00000020912,Krt12,keratin 12,NCBIGene:268482,89
ENSMUSG00000015053,Gata2,GATA binding protein 2,NCBIGene:14461,400
ENSMUSG00000037362,Ccn3,cellular communication network factor 3,NCBIGene:18133,233
ENSMUSG00000090000,Ier3ip1,immediate early response 3 interacting protein 1,NCBIGene:66191,882
ENSMUSG00000036885,Arhgef26,Rho guanine nucleotide exchange factor (GEF) 26,NCBIGene:622434,916
ENSMUSG00000031737,Irx5,Iroquois homeobox 5,NCBIGene:54352,129
ENSMUSG00000026452,Syt2,synaptotagmin II,NCBIGene:20980,111
ENSMUSG00000035960,Apex1,apurinic/apyrimidinic endonuclease 1,NCBIGene:11792,1386
ENSMUSG00000006800,Sulf2,sulfatase 2,NCBIGene:72043,1174
ENSMUSG00000030022,Adamts9,"a disintegrin-like and metallopeptidase (reprolysin type) with thrombospondin type 1 motif, 9",NCBIGene:101401,426
ENSMUSG00000090121,Abhd12b,abhydrolase domain containing 12B,NCBIGene:100504285,45
ENSMUSG00000069911,Insyn2b,inhibitory synaptic factor family member 2B,NCBIGene:574403,774
ENSMUSG00000025789,St8sia2,"ST8 alpha-N-acetyl-neuraminide alpha-2,8-sialyltransferase 2",NCBIGene:20450,193
ENSMUSG00000021614,Vcan,versican,NCBIGene:13003,473
ENSMUSG00000035686,Thrsp,thyroid hormone responsive,NCBIGene:21835,550
ENSMUSG00000022687,Boc,biregional cell adhesion molecule-related/down-regulated by oncogenes (Cdon) binding protein,NCBIGene:117606,605
ENSMUSG00000020848,Doc2b,"double C2, beta",NCBIGene:13447,161
ENSMUSG00000022053,Ebf2,early B cell factor 2,NCBIGene:13592,108
ENSMUSG00000034151,Zbbx,"zinc finger, B-box domain containing",NCBIGene:213234,202
ENSMUSG00000062252,Lhfpl5,lipoma HMGIC fusion partner-like 5,NCBIGene:328789,523
ENSMUSG00000031661,Nkd1,naked cuticle 1,NCBIGene:93960,571
ENSMUSG00000027434,Nkx2-2,NK2 homeobox 2,NCBIGene:18088,197
ENSMUSG00000041390,Mdfic,MyoD family inhibitor domain containing,NCBIGene:16543,282
ENSMUSG00000035456,Prdm8,PR domain containing 8,NCBIGene:77630,70
ENSMUSG00000047759,Hs3st3a1,heparan sulfate (glucosamine) 3-O-sulfotransferase 3A1,NCBIGene:15478,498
ENSMUSG00000014030,Pax5,paired box 5,NCBIGene:18507,44
ENSMUSG00000045440,Insm2,insulinoma-associated 2,NCBIGene:56856,336
ENSMUSG00000028565,Nfia,nuclear factor I/A,NCBIGene:18027,821
ENSMUSG00000063415,Cyp26b1,"cytochrome P450, family 26, subfamily b, polypeptide 1",NCBIGene:232174,157
ENSMUSG00000046402,Rbp1,"retinol binding protein 1, cellular",NCBIGene:19659,155
ENSMUSG00000035273,Hpse,heparanase,NCBIGene:15442,248
ENSMUSG00000005447,Pafah1b3,"platelet-activating factor acetylhydrolase, isoform 1b, subunit 3",NCBIGene:18476,822
ENSMUSG00000011171,Vipr2,vasoactive intestinal peptide receptor 2,NCBIGene:22355,1515
ENSMUSG00000056296,Synpr,synaptoporin,NCBIGene:72003,2109
ENSMUSG00000038805,Six3,sine oculis-related homeobox 3,NCBIGene:20473,39
ENSMUSG00000046782,Ttc6,tetratricopeptide repeat domain 6,NCBIGene:70846,57
ENSMUSG00000040536,Necab1,N-terminal EF-hand calcium binding protein 1,NCBIGene:69352,1680
ENSMUSG00000073530,Pappa2,pappalysin 2,NCBIGene:23850,70
ENSMUSG00000032511,Scn5a,"sodium channel, voltage-gated, type V, alpha",NCBIGene:20271,514
ENSMUSG00000041798,Gck,glucokinase,NCBIGene:103988,112
ENSMUSG00000025213,Kazald1,Kazal-type serine peptidase inhibitor domain 1,NCBIGene:107250,198
ENSMUSG00000115965,Gm30564,"predicted gene, 30564",,66
ENSMUSG00000012520,Phox2b,paired-like homeobox 2b,NCBIGene:18935,83
ENSMUSG00000030707,Coro1a,"coronin, actin binding protein 1A",NCBIGene:12721,752
ENSMUSG00000031665,Sall1,spalt like transcription factor 1,NCBIGene:58198,2142
ENSMUSG00000057098,Ebf1,early B cell factor 1,NCBIGene:13591,377
ENSMUSG00000030994,D7Ertd443e,"DNA segment, Chr 7, ERATO Doi 443, expressed",NCBIGene:71007,247
ENSMUSG00000038718,Pbx3,pre B cell leukemia homeobox 3,NCBIGene:18516,2068
ENSMUSG00000059246,Foxb1,forkhead box B1,NCBIGene:64290,84
ENSMUSG00000032698,Lmo2,LIM domain only 2,NCBIGene:16909,1002
ENSMUSG00000039059,Hrh3,histamine receptor H3,NCBIGene:99296,793
ENSMUSG00000013766,Ly6g6e,"lymphocyte antigen 6 complex, locus G6E",NCBIGene:70274,498
ENSMUSG00000048482,Bdnf,brain derived neurotrophic factor,NCBIGene:12064,426
ENSMUSG00000045731,Pnoc,prepronociceptin,NCBIGene:18155,178
ENSMUSG00000044770,Scml4,Scm polycomb group protein like 4,NCBIGene:268297,196
ENSMUSG00000020953,Coch,cochlin,NCBIGene:12810,312
ENSMUSG00000021359,Tfap2a,"transcription factor AP-2, alpha",NCBIGene:21418,123
ENSMUSG00000025938,Slco5a1,"solute carrier organic anion transporter family, member 5A1",NCBIGene:240726,1368
ENSMUSG00000031997,Trpc6,"transient receptor potential cation channel, subfamily C, member 6",NCBIGene:22068,613
ENSMUSG00000021337,Scgn,"secretagogin, EF-hand calcium binding protein",NCBIGene:214189,718
ENSMUSG00000031344,Gabrq,"gamma-aminobutyric acid (GABA) A receptor, subunit theta",NCBIGene:57249,206
ENSMUSG00000033730,Egr3,early growth response 3,NCBIGene:13655,815
ENSMUSG00000050410,Tcf19,transcription factor 19,NCBIGene:106795,275
ENSMUSG00000019929,Dcn,decorin,NCBIGene:13179,267
ENSMUSG00000046550,Spin2c,"spindlin family, member 2C",NCBIGene:278240,486
ENSMUSG00000037892,Pcdh18,protocadherin 18,NCBIGene:73173,796
ENSMUSG00000079042,Apela,apelin receptor early endogenous ligand,NCBIGene:100038489,128
ENSMUSG00000031995,St14,suppression of tumorigenicity 14 (colon carcinoma),NCBIGene:19143,63
ENSMUSG00000022508,Bcl6,B cell leukemia/lymphoma 6,NCBIGene:12053,1435
ENSMUSG00000036545,Adamts2,"a disintegrin-like and metallopeptidase (reprolysin type) with thrombospondin type 1 motif, 2",NCBIGene:216725,179
ENSMUSG00000074934,Grem1,"gremlin 1, DAN family BMP antagonist",NCBIGene:23892,491
ENSMUSG00000026114,Cnga3,cyclic nucleotide gated channel alpha 3,NCBIGene:12790,87
ENSMUSG00000032259,Drd2,dopamine receptor D2,NCBIGene:13489,161
ENSMUSG00000003974,Grm3,"glutamate receptor, metabotropic 3",NCBIGene:108069,1130
ENSMUSG00000019966,Kitl,kit ligand,NCBIGene:17311,908
ENSMUSG00000026674,Ddr2,"discoidin domain receptor family, member 2",NCBIGene:18214,616
ENSMUSG00000021848,Otx2,orthodenticle homeobox 2,NCBIGene:18424,194
ENSMUSG00000041481,Serpina3g,"serine (or cysteine) peptidase inhibitor, clade A, member 3G",NCBIGene:20715,67
ENSMUSG00000026778,Prkcq,"protein kinase C, theta",NCBIGene:18761,429
ENSMUSG00000066687,Zbtb16,zinc finger and BTB domain containing 16,NCBIGene:235320,1587
ENSMUSG00000074736,Syndig1,synapse differentiation inducing 1,NCBIGene:433485,673
ENSMUSG00000028294,Cfap206,cilia and flagella associated protein 206,NCBIGene:69329,106
ENSMUSG00000020836,Coro6,coronin 6,NCBIGene:216961,671
ENSMUSG00000021994,Wnt5a,"wingless-type MMTV integration site family, member 5A",NCBIGene:22418,652
ENSMUSG00000030043,Tacr1,tachykinin receptor 1,NCBIGene:21336,648
ENSMUSG00000018339,Gpx3,glutathione peroxidase 3,NCBIGene:14778,405
ENSMUSG00000043969,Emx2,empty spiracles homeobox 2,NCBIGene:13797,662
ENSMUSG00000029371,Cxcl5,chemokine (C-X-C motif) ligand 5,NCBIGene:20311,90
ENSMUSG00000038300,Pth2,parathyroid hormone 2,NCBIGene:114640,185
ENSMUSG00000041193,Pla2g5,"phospholipase A2, group V",NCBIGene:18784,331
ENSMUSG00000027358,Bmp2,bone morphogenetic protein 2,NCBIGene:12156,192
ENSMUSG00000046318,Ccbe1,collagen and calcium binding EGF domains 1,NCBIGene:320924,306
ENSMUSG00000063260,Syt10,synaptotagmin X,NCBIGene:54526,1611
ENSMUSG00000027009,Itga4,integrin alpha 4,NCBIGene:16401,256
ENSMUSG00000047497,Adamts12,"a disintegrin-like and metallopeptidase (reprolysin type) with thrombospondin type 1 motif, 12",NCBIGene:239337,163
ENSMUSG00000038370,Pcp4l1,Purkinje cell protein 4-like 1,NCBIGene:66425,2649
ENSMUSG00000003573,Homer3,homer scaffolding protein 3,NCBIGene:26558,522
ENSMUSG00000047161,Chst9,carbohydrate (N-acetylgalactosamine 4-0) sulfotransferase 9,NCBIGene:71367,228
ENSMUSG00000049744,Arhgap15,Rho GTPase activating protein 15,NCBIGene:76117,129
ENSMUSG00000094707,A830019P07Rik,RIKEN cDNA A830019P07 gene,NCBIGene:329056,224
ENSMUSG00000058183,Mmel1,membrane metallo-endopeptidase-like 1,NCBIGene:27390,108
ENSMUSG00000032377,Plscr4,phospholipid scramblase 4,NCBIGene:235527,618
ENSMUSG00000049148,Plcxd3,"phosphatidylinositol-specific phospholipase C, X domain containing 3",NCBIGene:239318,1064
ENSMUSG00000041261,Car8,carbonic anhydrase 8,NCBIGene:12319,309
ENSMUSG00000048070,Pirt,phosphoinositide-interacting regulator of transient receptor potential channels,NCBIGene:193003,129
ENSMUSG00000044288,Cnr1,cannabinoid receptor 1 (brain),NCBIGene:12801,610
ENSMUSG00000038296,Galnt18,polypeptide N-acetylgalactosaminyltransferase 18,NCBIGene:233733,1543
ENSMUSG00000047904,Sstr2,somatostatin receptor 2,NCBIGene:20606,123
ENSMUSG00000050505,Pcdh20,protocadherin 20,NCBIGene:219257,1099
ENSMUSG00000063564,Col23a1,"collagen, type XXIII, alpha 1",NCBIGene:237759,764
ENSMUSG00000046743,Fat4,FAT atypical cadherin 4,NCBIGene:329628,687
ENSMUSG00000001504,Irx2,Iroquois homeobox 2,NCBIGene:16372,64
ENSMUSG00000016087,Fli1,Friend leukemia integration 1,NCBIGene:14247,591
ENSMUSG00000061535,C1qtnf7,C1q and tumor necrosis factor related protein 7,NCBIGene:109323,149
ENSMUSG00000023959,Clic5,chloride intracellular channel 5,NCBIGene:224796,367
ENSMUSG00000052560,Cpne8,copine VIII,NCBIGene:66871,1198
ENSMUSG00000050288,Fzd2,frizzled class receptor 2,NCBIGene:57265,640
ENSMUSG00000099696,2900052N01Rik,RIKEN cDNA 2900052N01 gene,NCBIGene:73040,425
ENSMUSG00000028707,Dmbx1,diencephalon/mesencephalon homeobox 1,NCBIGene:140477,77
ENSMUSG00000049107,Ntf3,neurotrophin 3,NCBIGene:18205,72
ENSMUSG00000096606,Tpbgl,trophoblast glycoprotein-like,NCBIGene:100503386,518
ENSMUSG00000030500,Slc17a6,"solute carrier family 17 (sodium-dependent inorganic phosphate cotransporter), member 6",NCBIGene:140919,385
ENSMUSG00000012819,Cdh23,cadherin 23 (otocadherin),NCBIGene:22295,192
ENSMUSG00000061132,Blnk,B cell linker,NCBIGene:17060,302
ENSMUSG00000045608,Dbx2,developing brain homeobox 2,NCBIGene:223843,399
ENSMUSG00000037101,Ttc29,tetratricopeptide repeat domain 29,NCBIGene:73301,101
ENSMUSG00000021508,Cxcl14,chemokine (C-X-C motif) ligand 14,NCBIGene:57266,1557
ENSMUSG00000020251,Glt8d2,glycosyltransferase 8 domain containing 2,NCBIGene:74782,129
ENSMUSG00000051980,Casr,calcium-sensing receptor,NCBIGene:12374,79
ENSMUSG00000047773,Ankfn1,ankyrin-repeat and fibronectin type III domain containing 1,NCBIGene:382543,567
ENSMUSG00000019890,Nts,neurotensin,NCBIGene:67405,115
ENSMUSG00000069581,Tspear,thrombospondin type laminin G domain and EAR repeats,NCBIGene:252974,77
ENSMUSG00000030560,Ctsc,cathepsin C,NCBIGene:13032,233
ENSMUSG00000000690,Hoxb6,homeobox B6,NCBIGene:15414,56
ENSMUSG00000031727,Pmfbp1,polyamine modulated factor 1 binding protein 1,NCBIGene:56523,49
ENSMUSG00000057777,Mab21l2,mab-21-like 2,NCBIGene:23937,77
ENSMUSG00000095654,Plscr5,"phospholipid scramblase family, member 5",NCBIGene:100504689,66
ENSMUSG00000040258,Nxph4,neurexophilin 4,NCBIGene:104080,714
ENSMUSG00000041324,Inhba,inhibin beta-A,NCBIGene:16323,1057
ENSMUSG00000022372,Sla,src-like adaptor,NCBIGene:20491,280
ENSMUSG00000113186,A330076C08Rik,RIKEN cDNA A330076C08 gene,NCBIGene:100503592,167
ENSMUSG00000052374,Actn2,actinin alpha 2,NCBIGene:11472,1178
ENSMUSG00000046818,Ddit4l,DNA-damage-inducible transcript 4-like,NCBIGene:73284,339
ENSMUSG00000000247,Lhx2,LIM homeobox protein 2,NCBIGene:16870,973
ENSMUSG00000025400,Tac2,tachykinin 2,NCBIGene:21334,279
ENSMUSG00000000440,Pparg,peroxisome proliferator activated receptor gamma,NCBIGene:19016,747
ENSMUSG00000057722,Lepr,leptin receptor,NCBIGene:16847,178
ENSMUSG00000063428,Ddo,D-aspartate oxidase,NCBIGene:70503,714
ENSMUSG00000037393,Nmur2,neuromedin U receptor 2,NCBIGene:216749,65
ENSMUSG00000038765,Lmx1b,LIM homeobox transcription factor 1 beta,NCBIGene:16917,78
ENSMUSG00000055435,Maf,avian musculoaponeurotic fibrosarcoma oncogene homolog,NCBIGene:17132,821
ENSMUSG00000047907,Tshz2,teashirt zinc finger family member 2,NCBIGene:228911,1385
ENSMUSG00000047139,Cd24a,CD24a antigen,NCBIGene:12484,1287
ENSMUSG00000028584,Lrrc38,leucine rich repeat containing 38,NCBIGene:242735,320
ENSMUSG00000005220,Corin,"corin, serine peptidase",NCBIGene:53419,44
ENSMUSG00000032035,Ets1,"E26 avian leukemia oncogene 1, 5' domain",NCBIGene:23871,774
ENSMUSG00000021010,Npas3,neuronal PAS domain protein 3,NCBIGene:27386,611
ENSMUSG00000042589,Cux2,cut-like homeobox 2,NCBIGene:13048,1174
ENSMUSG00000035105,Egln3,egl-9 family hypoxia-inducible factor 3,NCBIGene:112407,1134
ENSMUSG00000026976,Pax8,paired box 8,NCBIGene:18510,40
ENSMUSG00000035187,Nkx6-1,NK6 homeobox 1,NCBIGene:18096,144
ENSMUSG00000015217,Hmgb3,high mobility group box 3,NCBIGene:15354,1789
ENSMUSG00000015533,Itga2,integrin alpha 2,NCBIGene:16398,216
ENSMUSG00000032269,Htr3a,5-hydroxytryptamine (serotonin) receptor 3A,NCBIGene:15561,474
ENSMUSG00000027748,Trpc4,"transient receptor potential cation channel, subfamily C, member 4",NCBIGene:22066,1319
ENSMUSG00000097636,Mirt1,myocardial infarction associated transcript 1,,70
ENSMUSG00000021379,Id4,inhibitor of DNA binding 4,NCBIGene:15904,900
ENSMUSG00000032128,Robo3,roundabout guidance receptor 3,NCBIGene:19649,76
ENSMUSG00000062151,Unc13c,unc-13 homolog C,NCBIGene:208898,931
ENSMUSG00000020053,Igf1,insulin-like growth factor 1,NCBIGene:16000,625
ENSMUSG00000038700,Hoxb5,homeobox B5,NCBIGene:15413,64
ENSMUSG00000027996,Sfrp2,secreted frizzled-related protein 2,NCBIGene:20319,320
ENSMUSG00000031980,Agt,"angiotensinogen (serpin peptidase inhibitor, clade A, member 8)",NCBIGene:11606,436
ENSMUSG00000053004,Hrh1,histamine receptor H1,NCBIGene:15465,157
ENSMUSG00000024064,Galnt14,polypeptide N-acetylgalactosaminyltransferase 14,NCBIGene:71685,571
ENSMUSG00000035580,Kcnh8,"potassium voltage-gated channel, subfamily H (eag-related), member 8",NCBIGene:211468,355
ENSMUSG00000010136,Pifo,primary cilia formation,NCBIGene:100503311,110
ENSMUSG00000024376,Epb41l4a,erythrocyte membrane protein band 4.1 like 4a,NCBIGene:13824,854
ENSMUSG00000022324,Matn2,matrilin 2,NCBIGene:17181,920
ENSMUSG00000015619,Gata3,GATA binding protein 3,NCBIGene:14462,87
ENSMUSG00000070047,Fat1,FAT atypical cadherin 1,NCBIGene:14107,2092
ENSMUSG00000002266,Zim1,"zinc finger, imprinted 1",NCBIGene:22776,246
ENSMUSG00000036111,Lmo1,LIM domain only 1,NCBIGene:109594,492
ENSMUSG00000033063,Cntnap3,contactin associated protein-like 3,NCBIGene:238680,904
